"","X1","X2","X3","X4","X5","X6","X7","X8","X9","X10","X11","X12","X13","X14","X15","X16","X17","X18","X19","X20","X21","X22","X23","X24","X25","X26","X27","X28","X29","X30","X31","X32","X33","X34","X35","X36","X37","X38","X39","X40","X41","X42","X43","X44","X45","X46","X47","X48","X49","X50","X51","X52","X53","X54","X55"
"1",0.88099507796237,0.672692898481561,0.940482432341834,0.959199593590668,0.309468268800747,1.49377431887962,-1.82856159405291,-1.70982178535286,-1.45047672278737,-0.290355391786506,-1.53518283424487,-2.00056154616174,-2.22683478290451,-1.40012064639531,-0.865790175302948,-2.09496764743269,-1.50731119593541,-1.68352963480783,-0.915198422927748,-1.52610466226001,-1.05137918970738,-0.739642076245686,-1.25995235182936,-2.05547177843805,-1.88106474218165,-1.94513276654444,-2.25037976910636,-1.40415829894522,-1.39163933528857,-1.56800024578136,1.38798838044664,-0.923587572311233,-1.42691034946113,-1.44835538185568,-1.1820649448877,-1.71051989026509,-1.42094547450408,-1.11488373722118,0.665647938658304,-1.67970731295731,-2.02820009045903,-1.31537297112367,-0.982433086774497,-1.53465529169227,-1.70500574438163,-0.78574191556669,-1.11643146886379,-2.04768194651987,-2.33251168263985,-1.65082853765392,-1.80723990104909,-1.63717580600281,-0.994386244026781,-1.89405189921256,-2.24600491802531
"2",-0.990484599395858,-1.92115328049383,-0.93798949143952,-1.25665779570262,-1.35604485272952,-1.89728270738494,-1.52190254147826,-1.08748601256796,-1.383896178141,-0.00798842012175277,-1.07405135979313,-1.83374754619917,-1.22919438267161,-0.572996423058708,-0.433503300029818,-0.471644117885454,-0.417794844487431,-0.388624692870359,-0.984143356847328,-0.348390465940833,-0.193645182923859,-0.477138688618606,-0.575460338127587,-0.618229727621873,-0.862670490277821,-0.626116309414978,-1.55017669371359,-0.382066236403897,-0.492155328285038,-1.01520115826867,-0.921773823439871,-0.0945685556191317,-0.60600032935342,-0.861188584860014,-0.267773588250049,-0.655489387584422,-1.60399437605098,-0.393950075889728,-1.06413416582652,-0.211133186040482,-1.26359670960576,-0.805669592824932,-1.6726831226016,-1.67619504711614,-0.949931751098782,-1.05910816101243,-0.887098331628248,-0.64100117675809,-1.16730389096783,-1.05807466527793,-0.302838578097128,-1.14582996670781,-0.638572279576159,-0.611813536975178,-0.624672382657541
"3",-1.36869810596245,-0.863353683339665,-1.39123931706359,-1.03403788113102,-1.6775595937677,-1.12597201115292,-1.2782354178557,-1.25324498887684,-1.24238378208161,-0.595984775468471,-1.45190345059417,-1.29823095565746,-0.873162003181679,-0.423102578349948,-0.632098569192223,-0.945582850432616,-1.49424826588819,-1.43973139143041,-1.3720322692624,-1.90655361640484,-1.12755159463363,-1.04882486518225,-0.717550637485543,-1.35350668290309,-1.0335277236016,-1.42269377131919,-1.50503577446654,-1.38709252021339,-2.03539091719796,-2.00459553054792,-0.488882578869905,-2.19296936831815,-2.3437692472937,-2.221015124806,-2.21281222466846,-2.00706548994093,-2.29220601798284,-1.81764467931086,-1.6215054426634,-2.56353417952439,-2.17717926521023,-1.76030650574332,-2.06120982895258,-1.75514127818079,-1.94771143220925,-1.2205153696215,-0.168502952944756,-1.2551582899791,-0.957508560574417,-0.379675261385079,-1.32896319710173,-0.985597052147087,-1.69215912333275,-0.959027948029459,-1.41312033506636
"4",0.443778153680021,-0.00298785483413157,1.86768830592372,0.989364104674088,0.179900023520708,-1.50807850108799,-0.440529780153329,-0.463501601217087,-0.960719805574363,-0.0963604049356944,-1.06500228154096,-1.91839559441004,-0.288423579019115,-0.425551677898749,-1.13420611725047,-0.164678481381211,-0.356874971832257,-0.333545667361243,-1.03485152094185,1.64409061447968,1.73285449184811,1.33140944610723,1.19543293015933,1.38062937800897,0.775167722375686,0.747228908829952,0.240654234140391,-0.0414621378449425,0.776420466241073,0.91001000229805,1.15094706137357,0.932663214147829,1.12595837545432,1.92080662253497,1.93216013472495,1.52774031443675,0.60028048545055,0.814274914124495,1.01720365562714,1.37464547396271,1.41917137336138,1.69262530977831,0.0517272044675233,0.245879864683039,2.04277271876398,1.47170352057607,1.15011171883848,1.09436002429229,0.299442670814616,0.506013743339945,1.03772025917215,-0.545198995169365,-0.0108768828068081,0.620542993422971,-0.753146436610389
"5",-1.06739158351696,-1.33336157106061,-1.2864757651553,-1.18507562609425,-0.182845351692324,-2.0185289823403,-1.21673080690865,-0.977452031223458,-1.01134960284721,-1.78373139547214,-0.94356285529018,-1.64671729852436,-1.4702508118917,-0.987239550658989,-3.07871813897641,-2.36229834450065,-1.04692182352293,-0.907868120466037,-0.697554145685354,-0.932154377292008,-0.824348082214567,-2.63225635499647,-1.21286421512009,-0.0347042783495783,-1.05310083928678,-0.476109647571832,-1.36334558579879,-2.63930850536154,-1.66818054576287,-1.14502892920035,1.52373048311897,-1.55427268535909,-2.14292169404795,-0.752747220503453,-1.24336753195623,-0.871744480743657,-2.20138085269252,-1.14590482173923,-0.826935210714423,-1.8879907736703,-0.932825170296801,-1.40356516472553,-1.60681537412556,-2.3371684115544,-0.942410189102894,-1.97526548338621,-1.48280407589713,-2.25623502064398,-0.603649811011318,-1.99429303523119,-1.77728140086019,-2.15632313387339,-2.38736529959653,-0.220368912808328,-1.47031738490685
"6",-0.328910777018728,-0.851287128689864,-0.971257713478992,-1.22248696159868,-0.808251820182642,-1.59811232227321,-0.639818049940826,-0.156890228161863,-0.913234175878839,-0.524533042455692,-0.85844579225836,-1.41178544217208,-0.954902549331129,-0.48726514981907,-0.831125511999399,-0.931377029926881,-0.702733041209883,-0.412218071261722,-0.444332514721639,-0.484806469420664,-0.207908665066167,-0.6425468741798,-0.859499830140862,-0.548749983735334,-0.606531233429399,-0.498743554797057,-0.674527058541368,-0.977704361531213,0.892588475608116,0.907894179095407,0.0871577092312661,1.25715394135492,1.40300910863062,0.601142660681938,0.85685137128356,-0.224960182505974,-1.04902393449601,-0.768741569976712,-0.490076285120235,-0.876634941022044,-0.441079055617365,-1.2383027491786,-1.11654737618331,-1.50228719442781,-1.12173940707765,-0.760165843250898,-1.01207497956076,-0.714084965322322,-0.686278291249846,-0.791842647589226,-0.907945731182141,-1.50103795822614,-0.548815994464908,-0.71628609830573,-1.25000664492321
"7",0.0407746836268897,0.239060997796419,-0.104056657283422,-0.0744064292866498,0.567407837960271,0.0468189878571341,0.367410983116207,0.373561759024722,0.165209089374496,0.134089199334623,0.233945135163274,-0.0691880845803982,-0.133655390004739,0.373327969179226,-0.134597232849365,-0.771929167512924,0.526038272233147,-0.142999937125255,0.313122604646444,0.0191165135169469,-1.04681290804499,0.151787762577095,-0.777396480192022,0.22298783416834,0.473948143961158,0.677816150355948,0.179859561207247,-0.132307985835521,-0.243032118443756,0.248433973687075,-1.21030569436422,0.237769602018068,0.205271870372453,0.0634159732836465,0.103582733977509,0.0410685834662114,0.806901590422203,0.0703927493883114,-0.490445216920175,0.184450147700129,-0.0988509290563258,-0.0837315396554055,0.100137322046663,-0.173408856288279,0.0291404553039611,-0.109525065433837,0.0903681109883882,0.0639815404500867,0.152398822362474,-0.163982598036038,0.059226039896211,-0.278461873088567,-0.230669012540717,-0.768659491337031,-0.580198893588369
"8",1.78429636196957,1.73628444186763,2.43066823367531,2.70100074187278,1.87967276463667,2.36450225792783,2.4650601144085,1.82446484054584,2.76195223640942,3.82333147930418,2.84382800698939,2.37114638841403,2.98678052350144,3.75198548980881,3.0359491962442,3.03907102608135,1.7300495059073,1.21234343140995,2.53544273071309,1.8168849522477,1.70434720133197,3.05377584990667,1.70913354118686,1.28616960786664,2.74781293304968,1.93371188007739,2.16348662584277,2.41901508154865,2.10223659319371,2.22028990668565,0.336270892302573,1.99772001545007,1.34705360777296,1.99607480299931,2.14465062393066,2.15812378946333,2.1391005306453,2.71851128640348,2.2613989346437,1.47925754601237,2.6516879018742,2.1245356290882,2.48067159600203,2.14731197850569,2.36424639371314,3.96574410506795,4.35013128985394,1.35807580288816,1.13284801007583,3.24487937122928,2.59854987297325,1.71068071181963,2.77045467337214,0.827169563628531,1.30989121918432
"9",0.132190005871054,0.0527195542192254,0.0946544038335122,-1.18241740228916,-2.25574480639999,-1.69005454331228,-2.02333236682925,-1.34157863866746,-1.48371417806627,-1.43119093910194,-1.79075295265288,0.146126650791163,-0.408956848494727,-0.459947778350454,0.880810906950391,0.348380962657254,-0.798950747612551,0.162160000368275,-0.881697335579137,-0.388371432366722,1.65645633042864,1.37454580806294,1.05145844130146,-0.104890162275024,1.55556508409675,1.04686249551981,1.70675278533812,1.37586453299871,-0.181721673850903,-0.220478630961466,-0.0345826379905618,0.623440064072344,0.299486931181098,-0.0938213611772397,1.15758294818633,0.969098743446827,1.56853820808349,1.24580035768805,1.16506063453087,1.22056961477025,1.77835307203179,1.51490580003491,2.04875729358601,1.20523073985037,1.61179779262406,1.4396894850399,1.74250382047448,1.28310680186373,1.44107593913972,1.55812911383129,0.805359518346429,1.41186153867558,1.9444495786083,1.8208870229121,1.29989518882168
"10",-1.92169391367945,0.536726426375214,-0.0725589184239521,-1.41249300172359,-0.180072584025715,0.120453693965862,0.354475636483152,0.312056414732426,0.582600442149649,-0.252844458987813,0.00392340410799095,0.441718662217911,1.1406425206546,-2.00145963268612,1.15402477449672,0.673211096790706,1.57481794917048,-0.441228694007915,1.18325775891141,-2.10467638317151,-0.383434338543099,-1.43098971515738,-0.147247147793897,-1.23012766701839,-3.52430930973682,-3.72622585884026,-2.10226442608473,-3.53404393820909,-2.75288969703492,-3.30597179313354,0.893124042399598,-3.2574321410221,-3.08653641419697,-0.217001021695742,-0.97509948465278,-0.878216091236368,-0.22359936916977,-0.627102998224404,0.701803255052401,-1.95843237743475,-0.0165485478563253,-0.348368863069709,-1.23640582169859,-1.21296020847327,-1.40512623129163,-1.35013156428718,-0.748186944413281,-1.78544079730237,-1.62664294603849,-0.606955293995261,-1.79125526829956,-1.45557222201557,-0.477593901112169,-0.414662431652652,-1.9643616023653
"11",0.511965210846927,-0.115220170886862,-0.168401074568077,0.24112473637697,-0.17701712638008,-0.0664491914341316,-0.0260679437112177,-0.0253025732954309,0.0751653495265727,-0.416244711310529,0.402686561368601,0.165053349538413,0.351005120681848,0.164457505309641,0.53531963572885,0.132523388780366,-0.41954304330416,-0.169320847992602,-0.00297935956799954,0.0948762922416945,0.134980527192814,0.504909926562063,0.00706133193353669,-0.167565893558781,0.119210343000604,0.0485972213821469,-0.043757867869867,0.224057116682243,0.195941608167638,0.707159480326955,-0.102410026624188,0.454558775732583,0.428130642183005,0.351653975391371,-0.10710680828484,0.037665670906664,-0.136210536448934,0.544679746870559,-0.226658979963239,-0.121797119657256,0.338850572125161,0.578763796619858,0.334814780716286,0.314830135576787,-0.497779490770274,0.598178478537957,-0.108863198961146,-0.172340828869893,0.196802736822476,0.220043241461572,-0.28785615644856,-0.360675938993465,0.777298992315905,0.3788768578842,0.31188784264665
"12",0.193096243832926,-0.166856119581629,0.247280784150802,0.326865112299566,1.147144838137,-0.0544465046742432,0.251344635726963,0.109622816091057,1.13689978747668,-0.316810223616372,0.410753774825086,0.647133541597167,-0.486963533944408,0.720556571266611,-1.19544283264646,-0.682972109438424,0.362174983838724,-1.35544707833689,-0.17707882188647,0.291640509179339,-1.14132077334308,0.146891202571312,-0.271682508533728,0.389552290971491,-0.445003187360001,0.192837155004377,0.237298164221327,-0.412949121743231,-0.164465476441098,0.410015202987342,1.80883046562368,-0.0619334581531668,-0.611686148002443,0.258066275464162,-0.0994514556435722,0.487305875984712,-0.272849827220429,-0.58629370742639,0.388906752267416,-0.316224256378891,0.0362660472478146,0.43978470786646,-0.171980751546185,1.00117822590519,0.165747947699093,-0.643936437295179,-0.234270039095118,-0.455799292555045,0.880082956756833,-1.45740604329193,-0.418346579037189,-0.071592773330481,-1.08783482209324,-0.511459054346122,0.0225337248042593
"13",0.0624519103522711,0.12936132243919,0.646493317080984,0.279580374090537,-0.0455181686901031,-0.107159898918127,0.363609373609546,0.347198713489798,0.252667900937503,0.824881045854729,-0.143183825484183,-0.219757191165392,-0.0463140528056365,-0.117112208613009,-0.122124403772191,0.207826053762477,0.140936781500827,0.410696942093039,0.336110387546091,0.352714749266431,0.301873105142061,0.0529693808576063,-0.13332323640137,0.227697153785003,-0.075301158949303,0.454240719577774,-0.0160554674072075,-0.123191444907549,0.448741396151216,0.0119719354080155,0.378772166954939,0.0777726887668377,0.405519467923385,0.230988381700231,0.234563108280396,0.435387152933333,-0.660330469228309,0.422063639740363,0.18313957689773,0.783792428197368,-0.0669412040876971,0.167457370188093,-0.119810789017664,-0.463324957766204,0.711462466800275,-0.0800543549582746,0.0563189795835729,0.233517656080533,-0.170798480841857,0.244882831889192,0.0297623021495561,-0.34093569613851,0.261468883322955,-0.524205208200706,0.263993883010912
"14",-2.03156712531383,-1.13369437665097,-1.23793233541996,-1.42914487513116,-2.0721466870437,-1.48556594464587,-1.04921313085539,-0.657398690964738,-1.61824851051036,-0.118152511303896,-0.51366529609595,-1.89404822523473,-1.58070838632558,-1.07824629942803,-0.617025541219482,-1.20275152802604,-1.28410019979391,-1.08466828838321,-0.30678638943051,-0.237088383591915,-0.0400078064827226,0.879100378813492,-0.0102491403222694,-0.602876210895741,0.17009575280168,0.0876151977662125,-1.20007219129113,0.553006272374948,0.326309187661963,-0.116534788549423,0.0916811652144026,0.517953090880424,0.553202139919456,0.195007903300973,0.261667625404441,0.517834862947509,0.378583768832662,0.40723074253149,-0.265088367779916,0.977804048331175,-0.555367357615699,0.185212434717209,-0.911413166958524,-0.892809178037322,0.175459410292626,0.462706593775919,0.462961064718526,0.536146301684536,-1.16799857749231,0.521853144367316,0.386010289892371,-0.898921757859753,0.0554557195719069,-0.240487357313431,-0.608447262577771
"15",0.334677796207233,2.0058931272142,1.68911323359683,1.68814785198802,2.00566828975626,0.236368479358169,2.18786353551047,3.0162788085344,1.40727334404716,0.871698223842585,1.63667831446063,-1.18225713834125,-0.171964531191536,-0.10078700979293,-1.07553405115577,-0.686503870728667,1.31082778757487,-0.855475469724255,-0.218818988433225,1.14043439132631,-0.789101296386181,1.35610835447554,-0.0284851065394864,1.43732948303215,1.4082448448893,2.41226488158923,2.33733816299285,1.18122156061988,1.6364162989157,0.453717155330243,2.01652520906561,0.958461771956227,1.33392063265527,1.66357864930548,0.879038612623596,2.24027982125811,1.90757147771275,1.17156057774923,2.79909586483788,2.079148077563,2.30167147300545,1.48747929734525,0.70517923755166,0.885483538603833,2.49178321829189,0.683624312917712,0.610429788697688,0.999671469619811,1.34914202085955,1.27686903294375,2.23361182694993,0.615712384115575,0.278363920784684,0.60487687579062,1.53505991197693
"16",0.551817835441389,0.0986009585488989,-0.248276691488908,0.661984855764945,-0.0994818812819008,-0.0982850193685599,-0.0685213070169338,-0.441391638608476,-0.111005410916712,-0.326272248649334,-0.0480291851829043,0.556534167853172,0.319597555950941,0.0609507570680236,0.298285098127877,0.671898174377976,-0.29294431232605,0.177211763751497,-0.00168418675309288,0.0433295016033477,0.334716822125609,-0.0801249209023606,0.633682996765745,0.474505734658717,0.0680317469250345,-0.201343560023756,0.483809208064351,0.450318568311263,-0.23997010028419,-0.0623020511801723,0.316186049134206,0.235737398918639,0.933056657447422,0.123437275807203,1.15882076717691,-0.854468622874384,-0.143673223714292,-0.248245633836512,-0.262227634314809,0.540882585165301,0.431733288535636,0.329877031646881,0.8501051950458,0.105024243415361,-0.057920536069455,0.342290314469878,0.335955537349396,0.499454053034429,0.348009102110826,0.566054962453999,-0.181488574473607,0.204786143954991,0.180228368418407,0.0167530953036152,0.363983673452525
"17",0.953989821017225,-0.119954178600393,-0.243015827182616,0.704446816499033,-0.589888848086652,-0.0966445610414681,0.34787219139853,0.172372225068101,0.0253122734931802,-0.0834797592209993,1.30741526260309,0.24845179056639,1.01806540053421,-0.219865682894185,1.43496813954119,0.267255486774687,-0.20748895488887,0.320995384644688,-0.107182457700015,0.0610335509542419,0.273365814625916,0.528987807807687,0.295935803610685,-0.415545356746824,-0.107059096202429,-0.446273922726649,0.667177515921316,0.77958728529311,0.330255309656333,0.232081989798634,-0.879045502734297,0.271358271707611,1.04657487992318,0.0314493491881132,0.00300595659757499,0.189696866134013,0.635161446297909,0.371627486721942,0.216331342767721,-0.0606700127366393,0.879966141894215,0.728302987899382,1.00991833471582,0.283607012837607,1.55630994196953,0.313365897033792,-0.487130039024066,-0.563672768728267,-0.236771291424873,0.791126291536435,-0.443642894674145,0.37559854296549,0.733978326061387,-0.219450907267555,0.413049733993617
"18",0.282905095426726,0.269645038600315,-0.65683492299211,0.153010946342692,0.0401850123977844,0.192819778968305,-1.06964061050969,-0.952054905829944,-0.890591198306151,-1.04373445801607,-1.04101293626246,-1.29400283272357,-1.15093023606899,-0.863428935870754,-1.42882591906401,-1.27113509189307,-1.10341049778847,-1.47646742732738,-1.34065962349469,-1.34669358180245,-1.17053631952422,-0.585562517318079,-0.473340587390026,-1.14379289168457,-0.984835347133734,-0.897053382248964,-1.56140114664078,-1.08800727140973,-0.245199251014435,0.104590216565305,0.487020739091929,0.0134664876128421,-0.107860968875301,0.189600015766015,-0.124918651682233,0.22718967058474,0.615985727189998,-0.372496694103582,-0.308586031799044,0.605224174577872,-0.220600979806492,0.452498135871743,0.619531435211482,-1.04197892967529,0.0596808588091847,-0.362973175523679,0.821677413247487,0.329119902681568,-0.925580992001675,-0.421257712474033,0.436812243738003,-0.317016861730318,-0.747327090256957,-0.0943608830353776,-0.330194930669107
"19",0.882268954821815,1.14986057213493,1.81238178372936,1.48280639214949,0.607092699271091,0.65255275694136,0.89265023943586,0.648752913029786,1.43052527107159,2.10155021505179,1.39012410319683,1.21240105383565,1.5094131613766,1.31883386339563,1.68286561745001,2.28175768458267,1.17591297194774,1.58390855088505,1.57737700500956,0.899209293648034,1.6022649351721,0.83710711623196,0.41862808155324,1.53881712609639,1.37171969881291,1.26448871335377,0.766205296342309,1.43637617635395,1.21951821378921,0.935367660071849,-1.45200495054425,1.18306711143778,0.988946108136852,0.424835913020002,1.72633686797919,0.529684290610218,1.62088628229774,1.16158951486843,0.954521538011144,1.46511266883503,0.914303248294877,1.22569687654083,0.87932713840051,1.70788975942967,1.05325493536281,1.5364347139114,-0.827987597784273,1.38286114216544,0.918716491215094,1.16808205994272,1.45741201547084,2.29317304920191,1.17924424117362,0.978016704860485,1.39649399551195
"20",0.276921605207421,0.256848257027057,1.18031775558267,0.646902600223235,1.16712560644172,0.919821695785581,1.29882999802417,1.4632815080877,0.837750262426747,1.55563362326506,0.721275150683807,1.36731810870084,0.740779738813157,1.12709430733607,1.1103394016458,1.31800698751845,-0.20061149218278,-0.0239006519952954,0.195992331404508,0.70558019170045,1.14017729818248,0.744203278538039,1.12993866915025,1.71755463251107,1.69242443703027,0.872679244903403,0.970937420309497,0.666926857224884,1.0389453964075,0.349762572698898,0.662317757249232,0.994874682876259,0.826952566356212,0.727413229364865,1.33876671073348,1.00617712176084,1.16136830919102,1.6206402549929,0.541916680245716,1.37276410719004,0.944612860839699,1.14302011181082,1.10169350056421,1.43813091071465,0.535324780094247,1.03143362795615,0.649187780686061,1.16604436066214,1.97883053681657,1.47592427625213,1.34360396753747,1.3216671387698,1.48212415116633,1.42895161885999,1.20256658345448
"21",-0.0727975679257109,-0.0881251899440673,0.764697212298592,0.647776016616335,0.592019910176681,0.699748743011792,0.522462342280738,1.50169579810943,0.0552191480972831,-0.120873323644227,0.645293410784864,0.604549895908073,0.364607763926087,0.393029472338123,0.32766175928297,0.811772004771149,0.717381060778026,0.379722985407159,0.0427383993202693,0.589734942716812,0.138752972297349,0.403953494047948,0.13760163266097,0.331291869207847,-0.0356565109123043,0.839884735960969,0.289186800019429,0.453260943954683,0.276599910462394,0.548349227606799,-1.53968838978494,0.363146111698506,-0.616772010956652,0.823226575450906,0.305512980310001,1.03063555578258,1.28640929464454,-0.372674172569098,0.88825291945475,0.33531960388985,0.56161996538645,-0.145658629246353,0.567970263169518,0.507397272281865,0.708121624127163,-0.14324746834334,-0.241257755664794,-1.48199098553472,-0.310168284122751,0.38355805872078,-0.220251308891219,0.36530169534491,-0.127365928352122,0.135487696561207,0.56796608950309
"22",5.34824670277603,4.50856958427539,0.0141288433037451,0.34109293876107,0.288489063548831,-0.367292844039498,0.945675286320976,0.295640829501971,0.626780346250038,0.0957993673169332,0.948669729988458,1.63475116374601,1.09380750620931,0.844290451865327,0.0175042455143742,0.447204632663418,0.848459551224003,2.08931408941008,0.833640896263833,-0.400998795514411,-0.882694331450316,-1.21483587926912,-1.40559937013319,-0.997339757099785,-1.78805432846137,-1.69031341955929,0.185201997597841,-1.14687287265298,-1.4957856888531,-0.92532163303358,0.0368233457432368,-1.47347046635376,-0.71747650079453,-1.02956664834403,-1.28178640528273,-2.25417770805977,-1.70198175437562,-1.84555720161472,-2.2099879519411,-1.61821662902234,-1.26256262334547,-2.06681370934893,-0.76333615500156,-1.47148690460461,-0.711916929892254,-1.5715579484411,-0.655631673609787,-1.54555618603307,-0.293382640859433,-1.41506885933923,-1.55144137529896,-0.611070002068294,-0.421829088721933,-0.335719839797044,-0.539617664129427
"23",-0.442184546964094,-0.978914765538592,-1.23576790057134,-0.750683881717531,-0.402146613931461,-0.868928595880902,-0.593100218828125,-0.117939877747518,-0.934435558831094,-1.18001834766539,-0.0605479613279585,-0.978417106370571,-1.24259179837378,-0.854514980855012,-1.90183866346463,-1.83640727208177,-0.210961071983206,-1.21214594814984,-1.26763274681723,-0.150674714102696,-0.999487657985233,-0.641346904189998,-0.545429511648802,-1.20332219912806,-1.05206882360056,-0.686420654099407,-1.10062341976722,-1.58096372193165,-1.22854374127537,-0.70364350662476,0.480710023151491,-0.685376893617861,-1.11263264063061,-0.923713378786421,-1.21197978924785,0.194479173606091,-1.04463701072289,-1.38659251165535,-0.323355399921223,-1.00529503559231,-0.593846251616757,-1.24208093944104,-0.749677827696687,-0.642620366934475,-0.239047712205344,-1.55494119183558,-0.911380937378276,-1.34539404221492,-1.33944048896152,-1.6346406276277,-0.998417483922838,-1.1962224507842,-2.30522297010959,-1.29049856405948,-1.35629924212003
"24",-0.456026631499579,-0.212454338348303,-0.867059796456778,-1.13625291554085,-0.564067825108879,-0.300990986652871,-0.207909541298502,-0.842243440120117,-0.515795238302893,-0.588160039273249,-0.422278893659214,-0.151542333304865,0.00405936753745281,1.46835895769365,0.659179500697572,-0.136277781389846,0.769259467677931,0.332780950135329,0.0845301272492286,0.361234561756966,0.0985397895402745,0.66452043721281,0.919540275124751,0.315925973109229,0.421708213571923,0.123853710301346,1.0564816265327,0.461213799433515,2.20271715037002,0.433219446790939,-0.377046679092235,0.719511162903575,0.647648376316928,-0.0847745662076467,0.41271872994932,-0.829469368820852,-0.146776303045714,-1.62707045429404,-1.74760754149527,-0.465625553958282,-1.25457838890424,-1.08125151947857,-1.0110180548979,-1.25969987394924,-1.09375596137252,-1.73884062246017,-0.709702182606916,-0.98021219666636,-1.46755973193222,-1.29821290410366,-1.86272306877137,-0.895879255521917,-1.10646971275054,-0.695919321532546,-0.720327611260487
"25",-0.401980140475392,-0.318066523975452,0.393879857226733,0.314390447728558,1.12898651799493,0.538994763345642,0.985876072565115,1.72744802382956,-0.106301587090553,-0.849026725030616,0.298131229070746,1.18759150118173,-0.0884662397884769,0.69006751996456,0.186324190214455,-0.689576109174454,-0.00303467521852504,-0.0118703649937588,-0.153200991317812,-0.327253190665735,-0.132715521965611,-1.29887927504782,-0.351677558337292,-0.119987838636439,0.112865792020567,0.315446847379468,0.163595073949311,-0.11366490081615,0.581006564364144,-0.0927183522455686,0.105758020513275,-0.240194145413372,-0.0250065370033297,0.1537156775896,-0.204671382370118,0.353158201583699,0.42776320570144,-0.118315262672934,0.0759981533578437,-0.645099864581794,0.59513524533815,-0.722215322703301,0.680613414029316,1.55217702473686,-0.30702172905156,-0.683668338296063,-0.173539689746725,-1.010630041883,0.177816505923543,-0.850167959339514,-0.157803408328072,0.444197272361109,-0.325980520234582,-0.0102751062910778,-0.277818975118557
"26",-0.210189717741338,0.650871580759145,1.69663663744744,0.293390479668385,0.953899171411423,1.25243008979787,1.13410798610487,1.85365484607578,1.77628428425894,-0.597329176860164,0.847451411151631,1.19706340950866,0.900320731897102,0.223536436723158,2.53214542468768,0.842663427989663,0.882045606963449,2.73760361918312,0.133363666805017,-1.05790548960389,0.939884809420173,0.731263791716719,0.356379274704801,0.0773723704551284,0.121907656725943,0.615038241069717,0.678538346248041,-0.0421434666312261,1.5550895278678,0.211919913112541,-0.515588434251427,-0.426416900201597,0.0834423350602753,0.65536574636579,0.400846558321927,0.813298822559779,0.519936680813931,0.157948792376144,0.839378528056171,-0.132029215632544,0.620900320896991,-0.54219852749807,0.389335350956789,0.947145880361564,-0.0274547882664238,-0.794877011842713,-0.348846499886907,-0.621293188830657,-0.542086018934487,-0.915652134282748,-0.291122857189039,1.02727963721558,0.73390336132563,-0.352020322796674,0.140672650019335
"27",1.08090846443615,0.278717662863944,-0.3179310254277,0.810218807524235,0.123289851550802,-0.0109142088676502,0.0427189711609313,-0.486612884181714,0.192555890773345,-0.13363873495392,0.609408906191012,-0.433356712294137,0.276300947403443,-0.295781374391238,0.480771322570088,0.893591688379448,-0.0972067462002282,0.951275635956814,-0.571707543546889,-0.146434058563507,0.456322024532673,-0.22386682367374,0.115066062210472,0.0502594814813861,-0.00607401581591942,-0.214760933897919,-0.00235250347972334,-0.537746849340563,-0.826680812217586,-0.653189178406218,0.267799042179457,-0.667936422403015,-0.62640983133849,-0.524481489405634,-0.650238406225623,-1.44145280950759,-0.824602462919409,-0.833284571935986,-1.32564633136088,-0.581802837702516,-0.628885448162558,-0.936181161922637,-0.0684976427294822,-0.854744713736302,-0.741642341981877,-0.637652282069821,-0.896655574590432,-0.537250879984005,-0.384593861061716,-0.430375551408925,-1.40313316168119,-0.584291547976452,0.0237635383730015,-0.201208489470135,-0.328565784127703
"28",0.0528045584041668,0.163610746190583,0.317499220089802,0.390149826173488,0.655847698632338,-0.28923983683647,0.608708272241108,0.35710065923263,-0.408738196425874,0.142667760595901,0.287343984761335,0.0232771409846249,0.412124511241023,-0.766456103866644,-0.59938786394545,0.183372873825387,-0.243703378988189,1.44364975402664,1.27283952223248,0.838705699491151,0.403011030415265,-0.167045969831956,0.771934363772558,1.59052679658604,0.286009878285394,0.604112012213857,0.138252595443873,-0.935552418655914,-0.128842560950939,-0.0667807226294203,0.30107875405539,0.178497011618044,-0.416959243679943,-0.926645655583154,-1.32657101511332,0.0148357736098436,-0.425679762193692,0.574512263483182,-1.54551758800039,-0.163885487366098,1.17286291128049,0.169352539580184,-0.214212773076565,-0.869358579461456,-0.961217204746872,-0.216163444271136,1.01112475731785,0.241717751996349,0.908867629037364,0.210919853020328,-0.211898703968766,0.25434180134101,0.335415441325979,0.422758699663348,0.751941701420765
"29",0.249988970183238,1.09409438871944,0.662104226782407,0.73543411114117,0.19359545080242,1.11550650142994,0.68168559759219,0.868643874645749,1.84626997481909,1.22565350262975,0.0947326292661794,1.15197484348492,0.343072351650029,-0.183819797367831,0.374295209202003,0.215320214894338,0.330458529611613,0.418222128553084,0.868187022341058,0.316171408926136,-0.354178215214483,0.0469012861698361,0.715055912018584,-0.0956468974852537,0.568887723367614,0.633603160895604,0.18732474146891,0.153747603612744,-0.420100865748498,0.0559799840010456,0.0505159692597583,-1.13741702458863,0.152393206518468,0.644521129229019,-0.956319698679926,0.34699649919909,-0.104671668525866,-0.166261339038814,0.313426934837116,0.392346947143887,-0.00725265663230729,-0.592092506301409,-0.770551449657044,-0.419393092889578,-0.330899111136109,-0.605242740260721,-0.571296561899073,0.0204712994976195,-1.03668601743326,-0.325079217902745,-0.477699042782173,-0.0909351078651136,-0.282075800367149,-0.507991523801886,-0.431047210456169
"30",1.25471537033435,1.54316791727378,1.04767162285102,0.811870703745967,1.99765673545708,2.36300944085018,1.1264368812075,0.83273288551406,0.71844588004595,0.797032731312521,0.745642646593072,0.176836175258362,0.957946199375483,1.12406330685008,0.629438032991701,1.21155523829432,2.98237294229793,1.31625552204781,1.48184112969579,2.40530203426833,0.753991059958418,0.654421637642231,0.871609648396795,2.43833327938208,0.888085484134077,1.86634020795924,1.25698012166206,0.824568249996058,0.900432201703482,1.69618331504026,1.96169358721597,0.645622342519193,0.226886787927839,2.01883600075756,1.17721539488016,0.742208333213092,1.04154601481381,1.47323094404367,1.46800202677978,0.246356348222925,0.488689671240173,1.01109323992992,0.341466380476811,0.979255051851634,1.37482815124822,0.421634365961235,1.35087776853377,0.471019728903211,1.15955982740428,0.141539924618606,1.54530846626855,0.174865433350303,0.318956765758957,1.74991813302924,1.20601654083628
"31",0.207450011123669,0.191389646983639,-0.19458889677341,0.541276178596883,0.141640641465823,0.20190244990597,-0.754835251849334,-1.35668947313098,-1.17705841895821,-1.17797613793229,-1.02358483613896,-0.685290073496373,-0.110423227852929,-1.24209937211338,-0.411416844957902,-0.702679074853497,-1.10625132086566,-0.0907151863223684,-1.31958083938858,-0.951501886921903,-0.272173029780445,-0.969018330268022,-0.469995528498111,-0.60193744181553,-1.11360393163634,-1.08971716669205,-0.778855769187878,-0.525486950826315,-0.994353260839014,-1.23209988708776,-0.176058526760437,-1.22312909838995,0.738329753124921,-0.645951055710304,-0.877396784843232,-0.810431288376098,-1.0829283540925,-0.828885257245319,-1.1638001843709,-0.592213836653119,-0.883278832031082,-0.610424625613374,-0.426857277285197,-0.761469672844899,-1.19363906959748,-0.574918761622274,-0.568616580752134,-0.708776299560179,-0.655331127046332,-0.335628829476227,-1.48027804402238,-0.846268179149781,0.00230348416664658,-0.92279026777252,-0.855863757460686
"32",0.87732801821635,0.474420259391597,1.13712103176235,1.14533222188532,0.540239526571823,0.283569933623024,0.654796616065369,0.887957220300434,0.0988460266751778,-0.629101863083837,1.12269199658142,0.227733417593444,0.741468211503557,0.689843711911798,-0.490504535193578,0.402834419725218,0.665669582584579,0.702979244353556,0.688102756730957,0.788066717149487,-0.127049476645631,0.456601750820925,0.0872182394254186,0.590784148808148,0.685200582184639,0.658776559284513,0.099147858489413,-1.26556878846519,0.244534973819619,0.392621417826533,-1.11618637276916,-0.0456445686946634,-0.40826814237616,0.399993279437188,0.362133902204959,0.706222532895879,0.0477356904152034,0.471053074358063,0.760275921311708,-0.703162536667172,0.085553863948463,0.744099103297249,0.361099873668257,0.358435769814121,0.224526870558606,-0.804863545234059,0.678435036977273,-1.16571478960539,0.351701024849804,-1.06667640012217,0.134315755169602,-0.0382963075514396,-0.182697176039284,0.0111097150882199,0.422957303910568
"33",0.523467412782843,-0.408050072399352,-1.03187568521336,-0.253463118976333,-0.291831360627163,-0.546758985023342,-0.496331976840389,-0.912897211301474,-0.978665173090808,-1.44012160548962,-0.521155332273887,-0.188899311507531,-0.426972389380074,-1.12412055572856,-0.394500316596312,-0.533049499128821,-0.749551990770401,0.793491441806749,-0.810627029208555,-0.292539217423149,-0.202414765220319,-0.646869040967715,0.0783119163707651,-0.229266749259242,-0.344311293247985,-0.529942640941953,0.344182468746134,-0.298039705734441,-0.761068447745626,-0.294247827242424,0.336515403436796,-0.329887252978701,0.839766298994088,0.285345102293836,-0.604003476290193,-0.393829718273512,0.107217296032626,0.228929422311858,0.020785392675054,1.17599968966187,0.559268779784122,1.00950178358144,0.931146200856919,0.653495546614467,0.0741391798004538,0.484804133489912,0.943450873301554,0.911141661174659,1.583195356503,0.924752854965091,-0.155221763276858,0.643610301726984,-0.0818539421725188,1.32540530158148,1.07553001174405
"34",-1.67528668685025,-1.79242852221864,-1.98295165756493,-2.38084595929036,-1.36640814706698,-2.89621793288981,-2.33117016520873,-1.55819255184555,-2.36173229468978,-1.8300748320172,-2.19439889700558,-2.49486962951244,-2.28273216034062,-2.07737660308634,-2.42490015809146,-2.13138811516182,-1.74830768698321,-1.53328175082285,-1.509191684187,-1.12917710371129,-0.894542858512668,-2.10496906805553,-1.72389873950721,-0.507720101051057,-1.95943343335374,-0.91061447602803,-2.12362587041409,-2.38707817689603,-2.52454831818858,-2.15172042466668,-1.17053770489086,-1.16633162714949,-2.12596331335323,-1.76642088810067,-1.42787029628175,-0.264111906829481,-1.05058640049739,-1.77897588636968,-1.77398918922211,-2.13072748479077,-1.90708681914283,-2.22479916037109,-2.19545940513618,-2.46196113294667,-1.9955284094635,-2.24888441339521,-2.03536851844923,-2.19624362781558,-1.64727065396704,-2.85064845928545,-1.46038447082369,-2.52624486620584,-2.42406445381803,-1.83397549815002,-2.63542254334738
"35",0.223296186450583,0.589126441777696,0.261058362351547,0.396865005833477,-0.446775542535021,0.449786639518389,-1.25556153258383,-0.721938339366175,-0.938940542019952,-1.3362377893801,0.156351279417352,-0.998039933320161,-1.39957570346225,-1.666011007593,-0.43754579675027,-1.08246814118381,-1.62817971968091,-0.809156361934705,-1.04997005479547,-1.6056210787711,-0.787137854292661,-0.693002484367145,-0.432896916296085,-1.63022485931808,-1.22548264123792,-1.60583776022655,1.3242082501821,1.79412805427743,1.13308628218302,1.33237986659811,-1.68780100934088,1.2984649828223,2.07282386471671,1.32637162469232,1.01288031443001,1.20609215800467,1.10433283697262,1.15790441654808,1.64260353714799,1.55985045086003,1.44574194769139,1.73434333344782,1.78277222045033,1.32004175386665,1.32688052651513,2.0074607123939,0.327665617359082,1.64279493012031,3.14402712386723,2.14711487139488,0.745766016488556,1.32258709393934,1.67701568098562,2.91384911966454,1.36343190393641
"36",0.341899985096559,0.0281251552289509,0.30131807684469,0.532852140776482,1.68776235696096,1.29014422673771,-0.149614081233697,0.4696480558142,0.557869637885296,-0.352616114015124,0.715616159665401,1.23125928095644,0.683634146572726,1.17259128720479,0.201950776155197,1.350449300337,0.784783837378569,1.17589104999151,0.568695189108308,0.694596288831761,0.865988905428249,-1.12916029682184,0.521088148455983,0.183899965542852,1.04126944883139,0.778710160659702,0.442142947779439,0.576894986102875,0.718813554175723,0.724749811501004,-0.111795761162171,0.892514175991153,0.623160276443255,0.756529295853083,0.896674080096152,0.462914284888243,0.844040205378208,0.225003383529234,0.495618763384422,0.487361740227443,0.201529359318838,-0.174480997084416,0.0493427750618437,0.627106496819158,-0.175646357118416,-0.26350334788314,-0.603642364722428,0.11024442290885,0.580992396414146,0.286332094825718,0.525875826450765,0.538775591163689,-0.220884436209404,0.797163728677227,0.809485221340201
"37",0.0235960011248233,-0.30043955845972,0.397135706814893,-0.540950023496304,0.0899925808298706,0.0195655068497156,-0.00198696920636166,-0.399351355176322,0.168489959889968,0.313413139252278,0.294071085456133,0.0685368860745209,0.140399201645073,0.0782146708065464,0.0173529058130307,0.220627047286592,-0.227059069420584,0.585033209343692,0.34373410620066,0.0988419376940354,0.334757809143259,-0.783608749189595,-0.672973370043775,0.23586753962596,-0.00985025503139447,-0.11332896284921,-0.303137008777116,0.0841435371626722,0.331527556638124,-0.310277604551783,0.53864751857514,0.369518892187229,-0.492239922927465,-0.476752675774875,0.306037858062227,-0.575715394581319,-0.237770826538978,-0.304818239253528,-0.0741933775914078,-0.298305103528767,-0.940613472604512,-0.307020154461224,-0.790072203869499,0.132864702826741,-0.662725043455953,0.0601196599374227,0.167773640210706,-0.495336708476366,-0.629392428591902,-0.817037406423318,0.642062539971858,0.0347717783445794,-0.431110170559353,-1.07388456434237,0.413809019485764
"38",1.8832430147677,3.93168853370338,1.20190078863412,2.6329438833583,1.13218031328988,0.686231366396555,0.753508862914464,0.911478134319795,2.24665423933506,1.93271900790073,1.59882344605381,0.777024216991316,0.999113024563546,-0.125604125586398,-0.814940289577187,0.791400372384632,0.974220603602431,1.87736301356423,2.24475930027366,1.26579223921401,1.02913854892567,1.15320537202919,-0.575970812375361,0.445481264250216,1.15260986843301,1.66364503786024,1.42841837178553,0.317688574400813,-0.0731526447615434,-1.41076880529871,-1.89890144358092,-0.834149792827628,-0.550220962277717,0.187484930863453,-0.963029421362731,0.516248862629577,0.389329819968064,-0.749364148423569,1.18094284611516,-0.3949415655176,-0.231426230183876,0.326918866602174,-1.12870063811864,-1.6945478960421,-0.523367732696733,-0.48578473969512,-2.28442654946257,1.05192539535698,0.0694286011723868,1.53277341931302,0.796246057591315,0.964464063751248,-0.255435347256966,-0.374387880876671,1.08964682453494
"39",-0.632685102752601,0.00218963215730358,0.268722791702206,0.697345561476877,0.664623117342931,0.479435189683362,0.260243857981193,0.252680140490044,0.57147158023069,0.0879314182198356,-0.450447798540984,0.623288297682558,0.312150054013677,0.560194904204357,-0.330729422979835,0.369906325613957,0.134939488337883,0.342317302466737,0.824206390972309,0.463505312853812,0.37242323888319,0.159192316732181,0.484931631003913,0.786986886572247,0.414783153768388,0.669688723807171,0.462676640588127,0.132765088778523,0.0690780987502816,0.143217415287656,1.56385650675316,0.893264527904789,-0.112462463929108,0.322624435103713,0.58617276446521,-0.0822140772625331,-0.170557472640225,-0.118998285858404,0.153618984840254,0.530292683239382,0.346295993199198,0.288881845021152,0.684874947435211,0.0933987136918722,-0.315849765835816,0.362835766719776,0.837611964925923,0.56742001022666,0.955383614624218,-0.074740986403653,0.213084473218678,0.611334284212314,0.354374806212667,0.305908363624702,1.00154022063063
"40",0.115096603828197,0.111638180694515,0.11590020199354,-0.167849325139694,0.182498365455578,0.454341645473281,-0.352450931323677,-0.538636028132943,0.437167157273473,0.673981592504293,-0.205047941834278,0.312101873329601,-0.263471077618901,0.58661064894613,0.39017572081614,1.35132239374146,0.210397333791895,1.667353024248,0.384964797185153,0.349530132460737,0.913486300962136,-1.40612588200374,0.37304646640447,0.723537444508096,0.330263414557429,0.665406134347336,0.0357264382521258,0.174241732325824,0.534224533398104,0.39436670346323,0.526814926186819,1.45929562042201,0.0522336305685411,-0.171122907354724,1.29507116911348,-0.4027259039649,0.440749155650017,0.150381755982785,-0.282657988744261,0.589024798716262,-0.478507535680346,0.0472623257555434,-0.231878971084603,1.05097749135742,-0.426085131431469,0.60362767607603,0.686585435172518,0.394419961272113,-0.00984409496804115,-0.173200328085251,0.752128154047198,1.16398349757047,-0.11092683312653,0.789460720645994,-0.205524675880803
"41",0.362090133814471,-0.24747851505507,-0.0135979963152001,0.243688023617588,-0.0817686474897871,0.0469830336898433,0.40185998354832,-0.0911216865962232,0.265145150928161,0.493594935296061,0.453086742806851,0.204019410962883,1.01019328988921,0.663709325864927,0.237896494481025,0.442327125900127,0.162916739540324,-0.617967681547363,0.353328206246627,-0.036094511518556,-0.0175620040328468,0.744152094983972,0.554766998217639,-0.211120652423076,0.337510979262906,-0.198490258425516,0.501763589186126,0.694155890843086,0.49579297096933,0.342040355020218,0.592211175543022,1.10766195489459,-0.0689959490488218,0.232911186157106,0.218158022259414,0.312905391981996,0.273723725369063,0.599945465405139,-0.112864687899849,-0.338737175950013,0.433338843518707,0.422637069424553,0.972579184873694,0.0951042981506923,0.47502785795682,1.38615880962809,0.761416787275824,-0.131247823525896,0.0169797685740344,0.676778713171576,0.542348878534309,0.518014253489525,0.275769245826157,-0.205686708806857,-0.546289056074993
"42",-2.22792538264431,-2.33563008224781,-2.75198823552313,-3.31581922079042,-3.22807202595833,-2.90388980966617,-2.17467468814718,-1.61639556183239,-2.07002686599881,-1.73939815910322,-2.30067249269589,-2.41777628408763,-2.75703895837922,-1.58620745049367,-0.477244536528879,-2.31800034229515,-1.72471307309215,-2.2479575522789,-2.48435860165512,-1.71985476864581,-1.26400639353541,-2.29794244101281,-1.85539773577315,-2.0214532628457,-1.98838850982271,-2.23977175690613,-2.12854731570176,-1.71047648590839,-1.34321308682488,-2.52263389828725,-2.18318056727789,-1.74112724688015,-1.34271840168237,-2.37511828800219,-2.17037681465603,-1.95704875194515,-1.85701553125434,-1.94353607085013,-1.86475246006959,-2.20128450982962,-2.35842737384153,-2.34431024302945,-2.00923152268834,-1.67006990849905,-2.26090454552356,-1.94708016829765,-2.56987070194811,-1.82884694676931,-2.55813354070794,-1.85015015726716,-1.88397882446331,-2.47505989062797,-1.20092527980478,-1.85716926121671,-1.35550309810885
"43",-0.377056926271339,0.300330598756984,0.076413061978943,8.07991944178111e-05,-0.518392342114885,-0.0407650822262975,0.0635969662275453,0.0653877193532904,0.286147693243114,-0.0577696830827213,-0.0725492681887974,0.288792990488927,-0.00378578382451616,0.0117500736518664,0.56786782854465,0.340641285034212,-0.831158882756866,0.0125294820130563,-0.312016186768427,-0.472772028020217,0.049287739780777,-0.0610903258508454,0.44239626055324,-0.379098420918412,-0.106830410908324,-0.542653282072745,0.381585452932448,0.400479066121702,-0.00894945554822775,-0.115569242834106,0.335277129192764,-0.199888783941355,0.188060297366165,0.0439331571243689,0.0311782918207838,0.0368514025442009,-0.00262515649832811,0.250259106985675,0.248821533411597,-0.0960466333392996,0.532747188487495,1.15040641303129,0.534210575910382,0.141041056179469,0.477715463235748,0.628210588195366,0.969233338348567,-0.00298976476928101,-0.452118511703453,1.01301775347968,-0.367373361269241,0.227452509276934,0.148356048078354,-0.40071580901398,0.253297540786584
"44",0.209965784670357,0.144808293432213,1.12962215408566,1.00084509987034,1.8286321867216,1.62958786377955,1.8577529957194,0.711684380253379,1.03669653381664,0.388117043250676,2.15668187132424,0.235390827819193,1.22883307526917,1.46031891983631,-1.61266302808869,-0.0213576826036168,2.50637725336527,0.970019078950424,1.92809261615888,1.56398567638274,0.946538231995348,0.155194312453359,0.242842331645082,2.86632429273652,0.893667750800432,1.25142997997625,0.593788686613453,0.280141931764128,0.254332892842525,0.558627617479534,1.40256430043554,0.115024534812532,-0.767938829327197,1.34941162909681,0.590381614659551,1.2204816168279,0.669369071709357,1.43713289978481,1.15624255970608,-0.383157053401673,1.02019912390712,0.0545247120542131,-0.0955211759938503,0.330610355019602,2.4508221230223,-0.185138174417272,-1.41701954952238,0.317403827698887,0.720226623776553,-0.663843283600608,1.45936569280689,-0.195485796124557,-0.48617009065814,1.30511502527002,0.892262083391872
"45",0.662144099515318,-0.479092246845298,-1.14781704088665,-0.736013017955179,-1.90879999661035,-2.08530110444736,-2.25305819844605,-2.6800000668627,-1.71311413581284,-3.20803504321123,-1.83057155065109,-1.63677179478108,-2.00386129277735,-3.1360142707163,-1.75354099168836,-1.25098829746973,-2.44080080299034,-0.727380444327866,-2.7903754050407,-1.64205111495561,-1.12060429514191,-2.07631196483934,-1.0605685810038,-2.20988381791715,-2.33583183627387,-2.17241590716284,-0.979876056106774,-0.0659537974014388,-2.70652815447812,-2.30214256611139,-0.789135265664077,-1.63231579784865,-0.42963537180066,-1.60648321513066,-2.17127356935821,-2.89792976814172,-2.41370687067797,-2.86488594483155,-2.24189148054245,-1.48751357789526,-0.209145753194225,0.621690598202911,0.488179250787973,0.0681380101611031,0.177188934060084,0.65235734478595,0.878427903391555,1.08865234116894,1.57125123013046,1.28179699458355,-0.357046781064386,0.546821042473257,0.730205473987152,1.68570482238232,0.990902852036758
"46",0.68496728241133,0.457081822562694,0.209473687049869,0.556371092347189,-0.212028581016377,0.684853381401798,0.371570536375118,0.170025696557032,0.791681372271996,0.793095555808278,0.0616411319627718,0.488815729284477,0.708309978330836,0.00873186219746878,0.855347240422318,0.582015506002502,-0.308532418441882,0.481599438022575,-0.0466162483887168,0.120155219424716,0.0500921509891819,0.540839644105075,-0.114937863087244,-1.32005452360199,0.451062023374203,-0.0683934182706434,0.237547201211788,1.0747775040442,0.132205268906116,0.606824351600637,0.630052766580327,0.605118971514412,0.941367970283845,0.330363723042631,0.0437636703129168,0.723887295057672,0.655965189421249,0.0289434604873761,0.635540684558301,0.457063655698248,0.451141454873369,1.72945962770666,0.862373450739702,0.840112141440236,0.589792336152147,0.299543776766479,0.86549307030709,0.16692801964145,-0.0209422724277011,0.864007958445714,-0.419437593653427,0.0589012049000175,0.677179671643692,0.25628781028554,0.586122595980361
"47",-0.49334216243255,-0.825930444033152,-0.557921170141415,-0.545595586050905,-1.024822417518,-0.990891204305754,-0.871203999994789,-0.901483170677588,-0.635074765604027,0.0435981818509175,-0.513705101425506,-0.332792434512699,-0.167300575227204,-0.0678104918473186,0.299331271902265,0.0319141442928903,-0.00439438540931411,-0.0874003222202344,0.419394296326439,0.748597269485135,0.451083883676963,0.557056868858257,-0.509414100899369,1.11345672939529,0.658286082186144,0.798519773973915,0.143292629774623,0.78708190194223,0.104167317413332,0.213394008211844,-1.85925570967467,0.121032560898794,-0.75508106324383,-0.802639189148196,0.288517141191373,-0.0508039790119968,-0.132861614564846,-0.209168102611107,-0.490154909930059,-0.0224771130386939,-0.812201729314417,-1.56507976131438,-0.599560240219968,0.979547234147504,-0.0520351782132844,-0.0965063172834024,-1.2021443583008,1.1390904487696,0.998224484404136,0.412011765159568,1.64927201022284,1.52811948775228,1.3323009729337,1.41352206419392,1.58498846186347
"48",-0.326224442553621,-0.157762122822679,0.333465759313096,-0.0296723201096436,-0.428454826022023,0.183594934975625,-0.126267508565355,0.464550424910842,0.763955530908292,0.51560470665149,0.0161834456109375,0.314235905687597,1.15282811658453,-0.674164057423167,0.224925971083997,0.373497168412773,-0.330579147963961,-0.23946137012685,-0.243304506720725,-0.280528976910345,-0.10044660691759,0.639146190283889,-0.0633799640620992,-1.00541213957523,0.217427744955896,-0.206744263973105,0.281081238925154,1.09831047973328,0.636635024555268,0.182864934843769,2.02083908407656,-0.191337898592217,0.297235721280371,0.0761689738438645,0.0811638664229281,0.425334888466134,0.469731261025363,0.325881067701394,0.487399446726747,-0.4431241765146,0.121239364406941,0.00346143803299657,0.519706706263069,0.375784588520132,0.803021464230785,0.426023386962162,1.14753056562971,-0.0933700885127831,-0.627504449892304,0.556237885718865,-0.252303034797322,0.0331202925582862,-0.0847283362943189,-0.762792494387345,-0.870629280186619
"49",0.0257333426337679,-1.21159712209485,-0.778532571684923,-0.633804312649651,-0.849620792006804,0.865117878771493,-0.46343200885336,-0.416100713858783,0.147164301539401,-0.226463889330059,-0.614870346489592,0.177332594550195,-1.80695068952023,0.229118849010635,0.647528375099506,-0.125314879243553,-1.12622206429287,-0.600420036845631,-0.10385859002574,1.12195646359103,0.0115632887354297,1.07012308965465,0.950969718038494,0.257044003685335,0.944125108640747,-0.154604264712105,1.78224064070844,-0.899393757316596,-0.153398005874921,1.39071536774101,-0.223808058258103,1.00745349898401,0.668734892526423,0.683010867444498,0.757453975087778,0.0685264418440162,-0.266758395082162,0.211500678455844,-0.15460841385369,0.662727053482424,1.16744756481216,0.834339537665178,0.018829970397675,1.35954575045464,0.0448057101473412,0.778463421279426,1.2413357191807,1.01208148783937,1.16114528132709,0.855805788058757,0.806000172278057,0.0805423189787924,1.1121508026708,0.902181208681341,1.45433975528749
"50",-1.09544885459697,0.499997793166623,-0.291994596505069,2.57636169093577,1.97655723659707,0.892568214778163,0.327837215582906,-0.0324230736048828,-0.279889463454613,1.69493921508999,0.90495020969386,0.251207773531395,1.09260444820406,0.946116721356488,0.528372229304757,-0.035594137965649,2.85817191455804,0.912138270234177,1.01941532869582,0.443110564813202,0.74606744970626,-0.0544421508836445,0.00781666781235633,0.725371654864816,0.64868129983374,0.383804780863366,-0.131282511112443,-0.151716812057176,0.180890279467802,0.155584777814776,0.193659773266659,0.679716457595005,-0.100276207889479,0.220432185231992,0.892317807253793,0.789393361828959,-1.05223081401633,0.434675367062627,0.0241964998089233,0.766248394489034,0.163045022758515,0.277686982233892,-0.287476198574478,0.593187220374184,-0.24202149767601,0.190697154572019,-0.00319869282935154,0.695759029027577,0.687066546853924,0.0894966540577888,0.246176468875147,0.517986543996467,0.151958830901318,0.62543196139268,0.966178157467223
"51",0.490634435987085,0.334991443043299,-0.0921246736703153,-0.0308178879875494,-0.0169785101693629,0.559101314241364,0.105624499896963,-0.733554666930672,0.208873250571885,-0.0258113414287662,0.267501027978157,0.452109231533179,0.841616893097489,0.0366609756769688,0.69139251162449,0.448740751886311,0.363587807708841,0.82821408709135,0.404933783921903,-0.122018663053187,0.315641792007295,-0.480084586508264,0.44877926374898,0.336475731436485,-0.0833168716939527,-0.612261183169919,0.506696893378106,0.362704509961818,0.216103488302807,0.157234475499679,0.151403009748516,0.0966096482653948,0.905722896158894,-0.197989292628398,0.142523563165915,-0.502759379956452,-0.0871021207620374,-0.252580410903354,-0.112646957657261,0.907899153492672,0.49428462216423,0.565708995153564,-0.426257881713557,0.113965496762156,0.633758323434978,0.707283278438355,0.841402307025281,0.774284489141021,-0.188109620847081,0.0209158545706288,-1.04132861112545,0.413693554022468,0.0112433086248727,0.447556618566034,-0.179443587810733
"52",-0.58759838997414,-0.668181837112477,-0.401195853007393,-0.485469095221596,-0.598381576818219,-1.31284755558079,-0.679475749112585,-0.643208262080986,-0.789412382769352,0.260783025723199,-0.135202856908401,-0.351045828933095,-0.515324699692832,-0.0567351904934696,-0.316890473779796,-0.199232411080235,-0.0731022409876238,-0.0493183180133361,0.0853317839773178,0.200843178905771,0.182743518601076,-0.462181716707795,-0.294504442586636,0.151104944597898,-0.210090616784902,0.0320333045624935,-1.2507452893977,-0.181785720527941,-0.258843560806443,-0.587579326729561,-0.127427008671465,0.255392450434145,-0.933400004940252,-1.20560612618646,0.0927929899008847,-0.0134691669301058,-0.627644336059469,0.0461126196786757,-0.125803912371835,-0.15476720668874,-0.85678717481041,-0.0836222029597079,-0.863538559529597,-0.0686546143679038,-0.394810613521353,0.176684147596593,-0.439599614170767,-0.224080080039712,0.317076877402462,-0.542148158826864,1.12720248702835,-0.283532710318293,-0.164783960823239,-0.0906888608722841,-0.860220434410774
"53",-0.812307069963162,-0.212812327644925,0.213385611790446,-0.256026406216951,-0.591639120084447,-0.413012417615547,-0.0362323119863324,0.277379375938455,0.281748344142822,0.502986539303744,0.348259407423702,-0.468035308708452,-0.268418106055057,-0.415902353566787,-0.328545662188637,-0.171201517568456,0.119648818826286,-0.362194769693613,-0.368825781090517,-0.649532011240576,-0.896849607866028,0.59202319817249,-0.157838450885918,-0.6932662623332,-0.206032918745914,-0.349683598382532,-0.897498177333715,-0.812258437955035,-0.239522657489747,0.794681527425089,0.180229125965377,-0.142955832494264,-0.0322225178831645,0.881458708427341,0.379366680065989,1.01598480188782,0.735071859701176,0.315619585513386,-0.243133901652353,-0.885153031072538,-0.419482980455243,-0.266676128600983,-1.26416779527536,-1.09136961500647,-0.627829723989503,-0.429539078513963,-0.979665229247997,-0.439584152253248,-1.44006919341907,-0.290189471473244,-0.445520454711391,-0.90859791283582,-1.01426308776901,-1.50106314264892,-1.43413706262084
"54",-0.367995877480302,-1.24458556862233,-0.390179002258755,-0.692504223370231,-0.75252580623224,-0.386693997854571,-0.687523312094218,-0.638424175935573,-0.965622470037824,-1.15261816692041,-0.085784540265842,-0.561151014724843,-0.698061459896496,-1.0355820900557,-0.560907967399138,-0.864989108127204,-0.713070480740749,-0.968842709646733,-0.100068214607708,-0.613461688249658,-0.567668113790017,-0.325754796871883,-0.397952256407836,-0.88480094505559,-0.712576708913665,-0.450292805938958,-0.253197976847191,0.115979076911146,-0.486721324227217,0.61729069531117,1.37008667240527,-0.544404527843597,-0.200446792200779,-0.651127004957652,-0.696829275527441,-0.61422299617034,-0.5590706533693,-0.42978459151798,-0.640025893577723,-1.21149514230243,-0.632172753958405,0.114192176600744,0.0132592555982357,0.0496948935339739,-0.86118478511752,-0.43995819689132,-0.786322901731974,-1.14489649249894,0.657480744145966,-0.724099823561086,-0.931434260972424,-0.683807421347147,-0.662823931031985,0.66009843985868,-0.282942309264599
"55",0.486764835150442,-0.206571559011285,0.00138749595120903,0.500010418575083,0.061061968082819,-0.0096948015111786,0.346335501841454,0.278825727563812,-0.521524334165137,0.392796840476045,1.09719004877983,-0.0379136691949066,0.72263209744096,1.13369984215046,0.406884030125546,0.374724750868675,0.0849519284220439,-0.102372829205041,-0.0417670231575498,0.340707808874669,-0.132149901122036,1.0889358893052,0.184797674495789,0.185669184194018,0.125713214568868,-0.0458096152324481,0.420725766599831,0.341709936211025,0.331543729269249,0.570522410357333,0.782140438575507,0.0777997848081634,0.1549251296342,0.0308917358956197,-0.175919981610547,0.120034384736422,0.139215070054002,0.175788067228149,0.14389370067135,-0.398802407146177,0.356582430209382,1.09087865648481,1.08075787216541,0.560524565348035,0.0592391459045461,0.305181938412727,-0.265011341275187,-0.0718694138900727,0.712776671032557,0.129924807825709,0.222643537327227,-0.134222877921275,0.501870721006866,1.12881088423432,0.486053191137629
"56",-0.955354380230137,-1.3660882045204,-1.77435654835739,-1.33144882118998,-1.54613882692298,-1.03944330259325,-1.05237908162961,-1.54127630643708,-0.825185056173845,-0.803593960380635,-0.858180423394659,-1.34617250611703,-1.27470704428424,1.86703570234798,0.815710458508017,0.56786876700534,0.927249900672405,0.271823046512194,-0.539342034258742,0.189149750013015,-0.0739991599604794,0.273809355473811,-0.448866874876843,-0.0106973223519298,0.569309911602884,0.125435947786506,-0.0802892225895684,0.00217908122692364,0.823234842469362,0.562558537744341,0.0884169415725176,0.291263440527663,0.807643900508415,0.128829780906506,0.482610346429904,0.221860466451306,0.120378067351986,0.476635578818835,-0.272920608450768,0.443016886604141,-0.300154868577845,-0.369124612469637,-0.139280810689572,0.560611269850468,0.069087477285432,-0.225038165584149,0.085077909592045,0.651606890580995,0.00422890946339029,-0.0350842140185385,0.962497338625844,0.051134233995689,0.664773567314178,-0.030006340766803,0.110669815523805
"57",0.693015625749252,0.0657834919839921,-0.397040199413465,-0.0910962773200066,-0.108900870795806,-0.0987115385336037,-0.236409269710451,-0.736452427354902,-0.227463886676134,-0.186403288622168,-0.262772303910652,0.108455844300556,0.0963072942481651,-0.0632639911183424,0.216942547912451,0.235902899558702,-0.767513519585334,0.707010196967686,-0.923810401407909,-0.381217869987645,0.10060553522985,0.211120875864354,-0.139469678360337,-0.381615559990626,-0.216358939333572,-0.399682302913614,0.478466771673756,0.227542143571375,-0.453907055675675,0.0345102856148425,0.00446055062064203,0.0224915536851799,0.927480922412126,-0.0380379196766343,-0.55518134528863,-1.14426308709727,-0.369788277320362,-0.282079483126221,-0.415261754542285,0.399070236377508,0.145046479270325,0.281112865365751,0.694666327760661,-0.108116802757461,-0.180125699249962,0.430489311960602,0.315742317288862,0.863600766587972,0.57662259408273,0.447001402703389,-0.469383227887477,0.767854126703182,1.27838790140433,0.10360465797204,0.365752882366266
"58",-0.368971272732514,0.668354281931463,1.53138540910375,-0.484424793012455,0.282402206979181,1.19305096655157,0.0520933946034931,1.44760932736399,1.56618429587042,0.325724014853351,0.208980559310683,0.857312904984247,0.315587362600107,-0.329857749053282,1.32569376525229,1.28769817362058,0.431939042868808,0.995386688295781,-0.468756650411276,0.423370340779289,0.53785503952338,0.0500121088448223,0.32549765781306,0.596896463973258,-0.228309211881923,0.496686877179689,0.908114874739747,0.278569449043219,1.08695115646195,0.698819700038367,-0.0647994112833191,0.153495702717884,-0.213987076689256,0.592955118954011,1.34967864295081,0.308950721457436,0.257377927200725,0.258342444369625,0.40660096331502,1.1061929029066,0.53490788451556,0.160393004793853,0.392999367774027,1.3106919203988,-0.121041932273162,-0.126663670593904,-0.32591260482254,0.449247259846055,0.109350667087347,0.525903174102365,0.055585095769929,0.883694216624565,0.338632211703626,0.134787423103823,1.02927257035352
"59",0.165406744733256,-1.06202705671689,-1.74189002562799,1.40040778329614,1.47934165157409,0.852590245346935,1.01336368416036,-0.20157035616897,0.645092326191507,0.0875088920681608,0.641492001812359,0.445210715167359,0.408152060886431,-0.0635773223922099,-0.0186293778097662,0.734426104284227,0.0562341207764053,1.01278416297946,-0.628253192698169,0.290373262699146,0.0816351039805798,-0.182145118281844,0.206561308278922,0.141438717914846,0.0485114047692634,-0.183089813569951,0.894856619723799,0.0208161367880093,1.09051452618638,1.41117548551276,2.53227778400775,1.6686229612176,2.17003870399943,0.931227617586843,1.40317048593826,0.255123936720882,0.815402279576593,1.06712256799611,0.87883003840055,2.06836195947061,1.65130196855786,1.70724605569743,2.51664660419836,1.47064628685995,1.28870035615221,1.3081419014081,1.36457415808298,1.85469628036237,2.97614267968065,1.9591863883205,0.721205501406737,1.76920316115942,2.00532206291991,2.80549504259877,2.45629436506584
"60",0.779692552478573,0.0073190310342672,0.41419366077772,-0.503323498445752,0.160791383874682,0.294905500663228,0.592644003497864,0.488091567624264,0.183415435227399,0.707585225385225,-0.263515336729012,0.628897265083386,0.418457246824963,0.715050893168653,0.788224527917025,1.13727008818208,0.207392617075643,0.998456830887019,0.638505617657755,-0.18999565632015,0.528062421266367,1.21322093270401,0.158248863414419,0.237858555367507,0.479800142000047,0.0181328208428607,0.258169835802783,1.13017616677318,0.376902568696336,0.740336017753159,0.338381256258669,1.24251686826185,0.49628891162236,-1.18489271517478,0.510315179201738,-0.542014406982659,0.463841966097064,0.0761957573971487,-0.244561244353759,0.462569250486981,-1.06891636470931,-0.401178487091651,-0.00063441432528354,0.264869338448788,-1.31325616843532,0.711502012016217,-0.0466539185850275,0.804534631408746,0.25459057150011,0.440297599031234,0.325205254361815,0.624850974926304,1.05407550999192,0.569386546198285,0.0234404443725517
"61",-0.939785366395655,-0.167443863202947,-0.322456104516329,0.274700634676916,-0.154937234614087,0.433967153050801,0.122552770800813,-0.0544420070902189,0.963137925554982,1.08588057127342,-0.372402815726773,0.367678010139433,-0.394203380856111,0.242138083165621,0.129764785722403,0.614096765157552,-0.224527823217195,-1.42185559742998,0.685604484997938,0.329206887042707,0.576789427329765,0.337390703748666,0.355358326209254,0.815887563255885,0.228879600837608,0.225649595971642,-0.252972657665346,0.590473326162262,0.160410337587185,0.0864285057243501,1.43488561599072,0.786704134614196,0.0300793033058902,-0.152543809290177,0.351042406546084,-0.338082718592642,-0.171972433110011,0.0542744778382785,0.0719822399945648,0.498563374907665,-0.171269622631726,0.177078999409482,0.148654541655844,-0.461913931069074,-0.646170141494779,0.544164406570351,0.892967237119307,1.03996065738109,0.327398201114315,-0.0119261240153084,-0.012844355857824,0.282389350214936,0.406122851418294,0.303602757401144,0.925302059855991
"62",0.812626799819643,1.11487914041881,-1.11460246985263,0.873800989300155,0.674998441041198,1.2422592481699,1.1127239326299,0.923868209432122,2.18846228407484,1.84688217999684,0.975160176807325,1.18868134123622,0.830812960422888,2.07142361064652,0.955363484659229,0.304795877321867,1.17856562084673,-2.09631364331131,1.42897843641628,-0.277877879673136,-0.905394581305765,1.09246186747429,0.590549997927435,0.62031926833171,1.07112167530031,0.748099139446791,0.852259435450737,1.40695844937804,0.356961714519868,1.03796897507105,0.277437583765146,-1.05810378516193,0.589028852007057,1.15049270102203,-1.0577836682119,1.06716825276115,1.49567593864127,1.1242921464335,1.26302109950832,1.33867443379691,0.644950990287469,0.5704845790512,0.749874605773015,0.973233245997722,0.686067085437813,0.164928822262444,0.863022371852754,1.81769754011598,-0.327377462073576,0.471496923737239,0.942985937698242,0.238526331082877,0.447459749366875,0.362382181404791,-0.115449827059948
"63",-0.326400333500741,0.175905274123805,-0.578852726698066,0.165814724337186,-0.230114724993588,0.0885905250593152,0.0502296185141885,-0.337527408952566,-0.0934701522147013,-0.380656485899003,0.350694166748151,0.0759204097944308,-0.227237801225477,0.213222082748701,-0.00666440007938317,0.366729053375151,0.607456990041423,0.0108587015159404,-0.0292818027522412,-0.00886851292065407,-0.273166555088288,0.362749311258288,-0.576414883468953,-0.39235982369436,0.124159327314053,0.414953762821232,-0.422104350900983,-0.0428911194586524,0.191952359156937,0.172146195979621,0.743713767324167,0.137566356884664,0.401446374215469,0.252360353238388,-0.148475462703684,0.214799422890245,0.206100633882534,-0.184116748296775,-0.249121483323506,0.425669069062282,-0.212937856361868,0.583513868621831,-0.240920637199756,0.05015098297143,0.367343228852742,0.147729792532903,-0.142825129244044,0.177678356952806,-0.0197321733205397,-0.0685033412649924,0.091131874312933,-0.0986715983270777,-0.289577868326149,-1.7557272951009,-0.593453217033814
"64",-0.200259874272101,-0.0177348766054019,0.599893586628975,0.0179921643572542,0.191544444784386,-0.263419022768045,0.0538337418127113,-0.0631454027099395,-0.174373436516679,1.06682208106833,6.89213627464014e-05,-0.163952815600695,0.179448375151066,-0.00865482624428364,0.268245690965222,0.878565291365756,0.475334436413232,0.562759102370158,0.655981243269315,0.510345030845677,0.753223782988004,-0.489417054533222,-0.0239821426465232,0.184157869136316,0.454961400824965,0.319186201969398,-0.311887694265728,-0.602430877829507,0.345188039061257,0.00801953470460246,0.0861796646943717,0.764214420313844,0.481201952361012,0.182317393885604,0.596542818841168,0.0695618995228499,0.109386173663919,0.618941039350657,0.198894779173846,0.736013791660758,-0.103226746705102,0.980539707743315,-0.0409667840596503,0.308075260970797,0.285769431590471,0.973123918413167,0.00065559675941274,0.823450367474073,-0.286278910915542,0.296232414156119,0.663375383637899,-0.380793030954016,0.360802752584696,0.396067100100272,0.57484388915526
"65",-0.289244703428787,0.0934074421859732,0.596803288714789,-0.609943589446862,0.32372907604051,0.229926946327122,0.711851615885305,0.399540459372487,1.26269755941935,0.736579482066067,-0.171578293900098,1.10327439916542,-0.0496907030052468,0.56801539701946,1.13273564603926,0.665990023520693,0.24355848009672,0.388989031706077,0.510897334960626,-0.0117506186308158,0.617760050173016,-0.0929264964807772,0.193521388876442,0.45949058744721,0.57395984591635,-0.107901888275109,-0.245975904123835,0.855009778988879,0.802431447966257,-0.177362020570564,1.06170922992246,0.312111760016938,-0.264042095851131,-0.305469254756523,0.74222295772309,0.0688934702700817,0.168187341727242,0.408257966377355,-0.160898398639548,-0.165599493290892,-0.387235816812206,-0.31272510027229,0.339127046662728,0.700846894539104,-0.358347524308862,0.494588793887787,-0.684541752229583,0.0569611480369693,0.211598439331796,-0.150203173766204,0.367786539936259,0.642163866189324,0.397938268700906,0.565461484046388,0.0322275153108002
"66",0.166781892138014,0.36040333997959,1.21715606881367,0.427187744524343,0.574011957044733,0.0856158272928554,1.03119915733284,0.444104272388744,0.646813540458146,0.507980030187175,-0.562532972346332,0.450745504972855,0.325717313198938,0.870552728228062,0.364772996449682,-1.27272372801247,0.89092621414704,0.848392488035213,0.561286309546259,1.32389087016141,0.388506544609173,-0.0733686917654618,0.131961514752641,0.153555028735812,0.409974898866697,0.548700297441875,0.233509244295034,0.327689033913468,0.285543375474224,0.0994220230368206,-0.109612626035174,-0.167185946372076,0.507957774677471,0.00629425988105675,-0.00592971525711802,0.37648030587574,-0.113713211296121,-0.37918171630468,0.49258868417508,-0.133737450493618,-0.327982674097988,0.0196037863005732,0.198806476460409,-0.822428876719884,0.322456487909538,-0.017130405564505,0.184097690233708,-0.161208822778253,0.16726315317764,-0.195581487199324,0.20986851734407,-0.0929944773892296,0.578569715576503,0.571410866108708,0.701865717458078
"67",0.502141967951702,-0.575882935028836,-0.595009343769255,-1.27361346611648,-0.121585831769513,-0.525515049687503,-1.26031971591116,-0.4196913070546,-0.525743483937875,-0.267003353009848,-0.421563724571542,1.15158683760164,-0.0420747055490399,0.617713573764329,0.42240904579693,0.31726470147556,0.114495274397804,0.208729391521241,-0.992362486701167,-0.970530659861142,-0.61061595036472,0.435020489601477,-0.151874617600952,-1.19950006787291,0.703143582183635,-0.662307354825556,-0.156868097156188,0.111830809610587,-0.191748705148073,0.303198351911812,0.0524778800272191,0.331052935059056,1.4600104038187,-0.0363847885448368,0.32457326775368,-0.327831444507005,-0.0382788824362328,-0.317187950486452,0.0669744444150545,0.509563022357693,-0.621619631544254,-0.827974278747243,-0.166614376146168,0.292747805313289,-0.470156880959072,-1.09989474540778,-0.740048173034291,1.39793127612638,-0.715864093957804,-0.118459997437788,-1.02593388744167,0.11863733003577,-0.786638821463436,0.25764127999309,-1.12252777098434
"68",-0.460797007186625,-0.327438363173571,-0.192540961250913,-0.0855836274766036,-0.556344975469125,0.190523137310376,0.0813768964039908,-0.677020524203852,0.154322564482249,-0.0114454522718201,-0.456564550849272,0.057735487000495,0.197950531095119,-0.342279095981603,0.446222195447934,0.11922512589243,-0.746104154215186,-0.243970642057731,-0.0973931609928438,-0.492457250036761,-0.34253134427897,-0.220180186015496,-0.280377171534427,-0.32584648693985,-0.291408761878394,-1.25269817591351,-0.652327189677456,-0.324297996568646,0.072754676892577,-0.998763252625805,-1.69902232389364,-0.733071137128316,-1.17189615408079,-0.179237142162733,-0.0860585729172458,-0.435813151976928,0.185094753549225,0.433169489173402,-0.218173548564624,-0.973000163016044,0.33067584810966,0.0196256536397127,0.470248116179304,0.269287704874143,0.246363663449895,0.219887714770927,0.295999983286685,-0.771236973739817,-0.648748411995802,0.931673089384939,0.232011039567111,0.137734712651765,0.731855817050467,-0.144827649174304,0.244215601696045
"69",-1.49593122107472,-1.29263093810322,-2.39083419297658,-0.947339278817738,0.503796577999186,0.479014138712742,-1.7803996450432,-1.35805490998009,-1.08875453468667,-1.70715813334815,-1.52304884295218,0.526863129720613,0.257166596272317,-0.037263889903129,-0.717971153421019,-0.0731787302340575,0.55956969675957,-1.16542749934933,0.501327787953803,-0.615898277619127,-2.90213780692684,0.311230220558654,0.710880813699394,0.020781100748387,0.461687093961844,0.854868524945442,0.400850242980218,0.124565025509977,0.659206626727981,1.03533762134187,0.879976329410775,0.480866947548991,0.343691006273358,2.62578845561446,0.60945226153255,1.44486724035263,1.57971584947802,-0.269908762900086,-0.350444670936473,-0.0981876979793627,-0.482344539961922,-0.501725727307341,-0.482835938320662,-1.2922104991629,-0.400739520537136,0.361072467919654,0.843314918299344,-1.15665304750378,-0.849154269687349,-1.48093595022069,-0.746735635416537,-0.628546933530221,-2.68179769085838,-0.876237971413867,-0.433494616120178
"70",0.00857598024650392,0.333671691457247,1.5619756795281,0.338080285115306,1.65207725811933,1.70475913252132,1.96284651566897,2.41465216129439,0.671171518527559,0.31015456635527,2.05722162120943,2.73075651759621,2.33368515225904,0.0944439518897268,0.972400627715681,0.139842931231334,0.406705492587066,0.434774201653673,1.31523648257637,4.17079528920666,3.98745360343013,2.61283521867746,6.84060992879763,1.73547893225686,0.992442206677261,1.74009347901826,1.51890181165286,1.05294604148336,0.815229390062751,0.211439288298743,0.327215247795791,0.759811313598413,0.277569283687961,1.59330014640673,0.878205608255691,1.43939827373907,1.1869741768431,0.893290478226291,1.83448436149044,0.493542549471399,2.06894763884912,0.511819367548564,1.26416728013845,1.05436490561686,0.818369432339847,0.367213801435344,0.819247408650046,-0.0284285672612937,0.280988659430406,-0.276521037330432,0.995043826974194,0.413338872511318,0.527616072794574,1.62095600850328,0.827103593439541
"71",0.363662492281151,-0.304879694362591,0.405609499904982,-0.805778734630072,-0.0436175296821886,0.202629719764314,0.116603498780648,0.369637392376899,0.859106989626893,0.744972387897063,-0.0798402777189588,0.668251332391128,-0.474986872457966,0.233563037486919,0.991121297986744,0.498428300596066,0.166546680138948,0.312385636943172,-0.024942053083336,-0.191563213815181,0.938540845111419,1.30114859153027,-0.39672379805547,-0.000640371724779291,0.18522416456554,0.385824770719421,-0.0522191960933719,1.06142225394139,0.246001292374904,0.280080029862637,-0.207548067832233,0.851849270893853,-0.0755789491497238,-1.3273196483066,0.590757476005401,-0.681947032734903,0.435908788946424,-0.409987675409981,-0.359794975243143,0.439358032205758,-1.19350198883636,0.520183624769431,-0.171862375618243,0.517690165680287,-0.58435522007944,1.50811207025586,0.410227639590802,0.0494665610786496,-0.794005123340609,-0.0385970515387985,1.04982290968251,0.983949379270063,0.742087944043017,0.0257919190896915,-0.411018291211856
"72",-0.154805389513298,0.207664802170338,-0.397236408804842,-0.0580203782595886,-0.137801410140833,0.528419275330323,0.0065172806315911,-0.0767947140275606,1.29782400075261,0.230975726295952,-0.41468934415739,0.799756796975953,-0.536123786551111,0.481791746063744,0.592254850217527,0.779439649204665,0.749291759318106,-0.89226156229391,1.16942212135311,0.0458364935550494,-1.65992131026895,0.981035270269529,0.617588532270896,0.440957635220847,0.639920893951877,0.74021959677069,0.64739093408401,2.31278205601298,0.938195295379112,0.90072508271082,-0.186162076128177,0.330266107705174,0.586667558492603,0.95179970247094,0.163263671917831,0.691650775185532,1.01331646080801,1.33120514654842,1.19071046672013,1.08476148067658,0.570005860701419,0.966192303563441,0.58263760433637,-0.101075922066733,0.246506753545764,0.363313670132893,0.559795003904118,2.19925644605494,0.0978827371227213,1.03044597817538,0.601694999171059,0.449810107275061,1.27123268520779,-0.719357886076779,1.03269304092009
"73",1.02897799480611,0.373493993363507,0.817121909057102,0.500244595434103,-0.361974563507853,-0.0297138612961224,0.597284929389112,0.171244475374203,0.515212107414245,-0.0534996081862494,0.663497714834693,0.232298192690761,1.32025874384745,-0.141110826384946,1.34715556316765,0.845269578978931,-0.428654315609403,-0.0968554715048447,0.306309136283665,-0.295154013328895,0.506514726347245,0.0440492247959686,0.0223963103524299,-0.539096652231956,-0.519695322649942,-0.0348605318351353,0.649401018364156,0.347480127790436,-0.00586587388049619,0.362205116761137,0.177562208094238,0.0772932972664594,0.553169114835337,-0.233210263267191,0.011484751056606,0.308112146576691,-0.0349397942542513,0.440118040005114,0.224278496622161,-0.318313381445475,0.28379908516325,0.262767078966824,1.67763184864244,0.785609453664238,1.26665203877138,0.533966387185843,0.044796804674175,-0.398005386643434,0.282097916945304,0.915157758484001,-0.278785511674024,0.448513302999918,0.720180339175424,0.274683229006422,-0.36703870629777
"74",0.0170080856508691,0.4823547982794,0.282353212859419,0.503662311754927,0.125479195218146,0.45635394102118,-0.47913216240035,-0.188765592828394,-0.26308742960265,-0.259954848570544,-1.77996570834347,-1.30515229589876,-0.648308103063115,-0.638246062212677,-0.646861807843421,-1.67676903591797,-0.833222728582171,-0.822851867580837,-0.989833523669217,-1.87701753307742,-1.8304141878486,-1.73077179133023,-1.67920526654563,-2.65884239342025,-2.66244720978502,-2.28274005287815,-3.49156234120528,-2.29575750906545,-3.39273828396627,-3.23218648652362,-1.06118883264986,-4.0016353375875,-3.80744097541397,-3.53201204556967,-4.005577875135,-2.35223627944087,-3.08094541128354,-3.7019819509108,-1.65576771555944,-1.81614968695379,-1.92105786877518,-1.84707732230111,-2.69821888195074,-2.07741122412826,-1.40031715980874,-1.25376865814617,-1.10636264598635,-2.00997191445567,-2.30300991459211,-1.73327200400619,-1.54771797076564,-2.89055819714323,-1.49092691952038,-1.93604829884258,-2.5463355028367
"75",0.152662646110097,0.388599004431399,0.533764890191486,0.207795673144639,0.545670782977351,-0.664303292353894,-0.0483345136788037,0.0139967220914655,-1.12703757113709,-0.395553733701238,0.244281252404394,-0.427129217867622,0.216170962531499,0.642453955368279,-0.841231753800529,0.488377879526621,0.664922956006601,-0.107078156437265,0.592677370093333,0.208829471827822,0.1010826241153,0.196357264046687,-0.800633433958567,0.398335197846927,0.770271511591646,0.299127386251272,-0.132853815933206,-0.194061697597617,-0.0123295354532413,0.672640415487907,-2.01224981937458,0.525868261413843,-0.879211346082911,0.505536016075011,0.119387504350702,0.828508626375042,0.406724546361109,0.229768411421569,0.595951580796731,0.106194523659008,0.545912739348677,0.484236148928408,-0.273192169936199,-0.352965566696759,0.217198169126715,-0.159369842107697,0.657559088390165,0.424542880613076,0.262853979755031,-0.984638047733539,0.451337961593727,-0.223137099247745,-0.337577676743908,-1.16979848940048,0.136159692948533
"76",0.0618123069081979,-0.437212842264422,0.32851760372431,-1.06037328411426,-0.307468326743542,0.190244259394771,0.0764644269765521,-0.0412023268273319,-0.0200855295106795,-0.258341566900513,0.0295978416709797,0.0233284947044698,-0.0368109055372721,0.408919844084263,-0.0884792520473243,0.314342136184824,0.0155763580179002,-0.113418668310474,-0.122165949838343,-0.873159213461484,-0.0392872547124301,-0.0622902958406481,-0.683668428064205,0.105713912148136,-0.250298182468928,-0.498545775111412,-0.542644183736044,-0.22944255881808,0.0816172787487846,0.660971167215466,-0.635800586884357,0.532183723353608,0.200119957250008,0.244034609940123,0.226042876104084,0.670431184724926,0.972391870540957,0.87579540403468,0.46456801156654,0.397385085771313,0.0196553563721103,-0.0883965720051699,0.62585609193293,0.0159157695723849,0.117527829652996,-0.0671454696614296,-0.517685312144043,0.606668283132613,0.366558352776618,0.486824660279037,1.28857750360804,0.60452883271712,0.352948238479972,0.118104437795537,0.699263506014117
"77",-1.32975691627579,-1.31386451220432,-1.4543543598804,-1.67753057329919,-1.23011548909438,-1.1313800554379,-1.65040434853621,-1.31591348307764,-1.68638249763565,-1.21628773644871,-1.0601858366648,0.119542541818164,-2.04525053205042,-0.491952329895497,-1.26180884664504,-1.46320469985532,-0.76350116049555,-0.858909913655576,-1.41139079101208,0.674003533528621,1.0791418907187,-2.23267772251529,-1.53044560038952,1.41832972530162,-0.929810147136811,0.328778077212773,-1.64378347250295,-1.14013796774786,-1.28203741415807,-0.628988242251325,-2.11518900688271,-1.02659768941787,-0.952288518328988,-1.86474349400293,-1.30367667631558,-1.39003844671057,-1.3401780012017,0.384922237229676,-1.5960007639692,-1.51593318118364,-2.45916370327089,-2.72481409257885,-1.58364187699377,-0.727552771865745,0.393111888726166,-1.79524970463604,-1.67521044470457,-0.935473676184612,-1.19119774602358,-1.18438882917126,-0.734983441636103,-1.1520438205262,-1.86100656129796,-1.99552681937343,-1.41718214386415
"78",0.383197047468887,-0.426921985767514,-0.617236188886167,0.202105808380897,-0.214229954044531,-0.480921924162724,-0.0278082909204358,-0.716370391325901,-0.490474125896551,-0.547874411380035,-0.224884264395864,0.0240873885643987,0.0327305650407311,-0.0653549977827237,0.107637702542743,0.45622440963887,-0.230907534871299,0.598554072820685,0.135671652484661,0.00490619230936321,0.338667970627099,0.535016093064516,0.601000194316819,0.463735680595637,0.77185471747391,-0.305945280167737,0.286382169150671,-0.0119177922450331,-0.452424564489265,-0.619719432993049,-0.866234865809082,-0.276711271876964,0.315036241620101,-0.338690508760167,-0.490108191573924,-1.8277076915345,-0.610948895149562,-0.533286805725648,-0.99178724466456,-0.027330577627085,-0.00946777825301885,-0.0981761320092333,0.420564048137556,-0.220552350953659,-0.441775271508913,-0.0043629686916574,0.237412456174217,0.281960676875166,0.0690084278712891,0.181275777469224,-0.395612879126745,0.0468032402306281,0.0128488966220634,-0.426525887871877,0.299650814326606
"79",0.389529121565212,0.530170413435595,0.269018332097968,0.868630111088835,0.341057370286717,0.168469909199839,2.00228204285657,1.91296537706246,0.552979400961666,1.12034206028048,1.41484984707209,-0.327736946092421,1.61156053681623,-1.30047490678964,-1.86458776717756,-2.5063062393409,-0.774506314852249,-3.0063550763975,0.818890657997384,0.184771589430403,-2.11915625083011,0.757260771886793,0.2614891673788,-0.363366301717074,0.605477370424391,1.17830951166202,-0.0737431074117482,0.617352651199893,0.372217896547282,0.880103861649534,-1.28733543418517,-0.871594437628909,0.228573268890144,0.799268431918253,0.0226091843881917,1.38174321237302,0.425069863957794,1.0098884519349,0.685721457412404,0.948556297398991,0.435907731491621,0.367146266653671,-0.333834466735964,-0.359160781555537,0.878616584009146,-0.0343349284367255,0.3715001679951,0.799451497198589,-0.273921614130259,0.0231245580983752,1.0943198139436,-1.22458588787899,-0.224543162865023,-1.24928246913911,-0.652080377412916
"80",-0.317978888153777,0.337492024995819,1.22449552635987,-0.22598214811519,0.960346908805361,1.0370105704786,0.520487480199356,1.48310057109391,0.743612890958383,0.745420521694294,0.50820385579737,0.957800722782804,-0.0863620677479213,0.00208156577252486,1.14063781299532,0.922174009304573,0.322603775205895,0.772501010394914,-0.0800022433663343,0.387294517586635,0.757133944471844,-0.143399167852811,0.154376729486185,1.1582700577957,-0.0522567177741211,0.376679438055192,0.606139735449866,0.0949664147854961,1.3566513439706,0.375278111696448,-0.0744379528690083,0.126363185951912,0.316704008368072,0.117018954530156,0.607114749275674,0.459705824474955,1.147726779102,0.135758606051341,0.284849840497519,-0.142445985646867,0.357115801017318,-0.203242622313757,0.539007619466489,1.02720002868471,-0.105787283791841,0.350893674534524,-0.2139347374639,-0.0647044499692716,-0.243690145116281,-0.496936330584277,0.129558423994146,2.29235284820738,0.428740942960602,0.174714779476562,0.232457734123473
"81",-0.402140041336411,-0.598965229975172,0.408871481036622,0.0429098479777796,0.650199913732239,-0.329852116820839,1.32045473781531,0.90065578299719,-0.757399040163839,-0.0570462670957628,1.89601003651159,-0.625320340655374,0.375187597560495,1.09962986200421,-0.738539132966033,-0.510493492078125,0.267966492048339,-0.141511585390807,0.39136700214225,0.540172624865156,0.547455838537789,0.0608516481839882,-0.445401460267973,0.394882642441217,0.390988155730503,-0.149256302012262,0.995271891948786,-0.223185187009185,-0.215581772548495,0.00639776158988675,0.0810100007136442,-0.285043304584625,-0.0114786369213968,-0.757361951199951,-0.163029664019449,0.225542903971102,0.109778155956225,0.206809151746197,-0.290369268169231,-1.06232468727183,-0.154076577914705,-0.426020999206321,-0.610270443224202,-0.308153195822822,0.244086664533025,-0.620096198066112,-0.151737083904037,-0.680943392900925,-0.111436396862778,0.437384108196895,0.791049466170659,-0.647062786251892,-0.712434921830201,-0.40388763585037,-0.559344343517643
"82",0.244195228985675,0.458460348510878,0.719078528803468,0.930946472005191,0.373867451894859,0.387744505587777,0.893575956036507,0.813186909877674,0.191847521002959,0.438679339401104,0.562438617316087,0.279212668753434,0.328305404369897,0.222001752932786,-0.6534791108921,0.0395684819591044,0.706375906421327,0.345117139025485,0.251113904285369,0.629143888162058,0.26109921998353,0.44678701997542,0.155904002032369,0.141227236968206,0.200581261623504,0.368145903885224,-0.105347087391623,-0.513134600618352,0.377414702015277,0.329715953370309,0.320464993983119,0.288783110590924,0.425631744151391,0.220105308474324,0.116460301501751,0.871154412701655,-0.167224940259648,0.1772724325761,0.611058128391806,0.32745710667793,0.333375357504925,-0.485392039822293,0.214099518960666,0.493189611211945,0.659713622563882,0.079114947323163,-0.578528441610117,0.335243951747047,0.16795980051086,-0.0417824681843422,0.287476446586335,0.243956283342643,-0.595780841978555,0.0756349122329639,0.141431935511483
"83",0.0218264315962207,-0.595786071296221,-0.536250762595361,-0.426133742429514,-1.02098505141975,0.275908993235505,-0.122058583754408,-0.153643522765082,-0.060083566457825,0.206398788473529,0.326209908538858,-0.469627274023642,-0.507600865104502,-0.601164265127821,0.141120341836637,-0.456151633415244,-0.703200441587967,-0.821053164475753,1.90596418962932,0.234091898405633,0.722242516086486,1.1190375061584,0.111733453909966,-0.225099027188855,0.528715340036527,0.317804381232358,0.0661623161576975,1.20634028383809,0.515361854629935,0.935270998098124,-1.08617263104321,0.602794964893013,0.579677249020909,0.382039092821125,0.231210903202922,0.742275176138369,0.1586694107216,0.793483042982544,0.897318964833598,0.0918130328691501,0.933874691410549,0.549637715738191,1.00110214655866,0.756044406067477,0.881633918639424,1.35489184149633,0.570398660329315,-0.0794449608926953,0.401589601466802,0.872454307112121,0.322325483223606,0.264444682510179,0.841226009890466,-0.419105343083959,0.154192354801842
"84",0.0426348636434027,0.155632393687372,0.186419083563086,0.4572446608347,-0.291566714689352,-0.190992787626942,0.0820680981324746,-0.0837837278256163,0.315414549545903,0.248452944387959,0.462734227846669,0.37210584198383,1.49323624359395,0.482207389590303,1.14720433090932,0.664670536495899,-0.102894462489377,0.442850011513234,-0.133724293015922,0.64369192175629,0.0475355447762261,0.702761660928123,-0.407759172241082,-0.76982236501722,0.080773622414518,-0.521482944521293,0.352205017510257,0.967109467436535,0.243823378050142,0.305566570268069,-0.36276024282117,0.181347306734423,0.983766674110975,0.231041258822795,0.257300727506369,-0.00229424514973505,0.595444216122835,1.00177822387436,1.05961871649563,1.49249059512198,1.43959185572234,1.35764804546522,1.17556007959973,1.18010306240552,1.82144344699746,1.09435025315968,1.36532602553418,0.719231659015093,0.572437668003797,1.48597998176036,0.698065842569321,1.29859067295059,1.63845359713672,0.533690253824366,0.729214738582996
"85",-2.96072970857639,-1.48902814072879,-2.07845657881763,-1.72462543837928,-2.39188108268206,-1.53293691293785,-1.42027737305913,-1.43734633352547,-1.34325190912263,-0.533996347870931,-2.48877257750814,-1.50911215321575,-0.697502054773606,-2.00586353571291,-1.71006891640309,-1.47179558884261,-2.79231016784844,-1.55358807437468,-2.28411629090685,-2.94178508672833,-2.62024221537364,-1.42045159008106,-1.1812355627438,-1.96643829990221,-1.76784206669779,0.308268763321789,0.321573467683609,-0.572681530647884,-1.63782451714225,-1.77674177804002,-0.739578098281259,-2.23902221701753,-1.8362892921908,-1.67075655936004,-1.69645576712462,-2.20196244548535,-1.87864421272107,-1.3797192547181,-2.92746958188954,-1.99391864824808,-1.41683740826117,-1.84505094887418,-1.84342066933595,-1.38253046057412,-2.17873972395227,-1.93655530692372,-1.85905947674781,-2.02766746699615,-1.3490036332945,-0.576227677329101,-2.39242969427953,-1.73294978943087,-0.933692779979663,-1.74556450299246,-1.63216314199514
"86",-0.706996362896507,0.0235567843541552,0.588893597624909,-0.123374709238899,1.04513585847172,1.15997385848297,1.07868224750208,1.3919804186964,0.208891891881632,0.819593067047404,0.156550306065127,1.24894207848967,0.141302337626606,0.719706100666113,-0.00571471806088507,0.609206129170134,6.46230640943122e-06,0.616930433547951,0.34347016102985,0.00998617863361011,0.215451158686025,-0.390177830258068,0.0983366175537582,1.00768014957174,0.598605084150266,0.343041069120673,0.0580745434198834,-0.141683793469778,0.348212321081532,0.176361732055952,-0.577825250451841,0.232527560176976,-0.232145368773601,0.188672262615573,0.448801419150911,-0.0732510486458682,1.06766951761844,0.866399801632976,0.0143744466433137,-0.019008703743066,0.331470461762298,-0.397782975264153,0.416550540485443,0.354512292101283,-0.118590736717844,0.0121040997758392,-0.691128343638437,-0.43250014837675,0.458245769386812,-0.109331059490194,0.496215452348858,0.388545803597126,0.0113943569730404,0.576818860288008,0.340821780090128
"87",0.0244647958030227,0.40242700890388,0.668358401132545,0.0983211561052116,0.626652439947476,-0.662400360694467,0.153082904290183,-0.0856953394143754,-0.531453938490372,0.408647973075242,-0.0629362811012597,-0.806844328369047,0.0397588501268662,-0.0060266802532721,-0.2705439598717,0.474388691218986,0.238599179981208,0.720369766721589,0.444683926645943,0.256037703336063,0.491548890670481,-0.320266782463543,0.322575919029054,0.344439794402671,0.476709958666886,0.533257659586705,-0.376121449448089,-0.0382846133283808,-0.409658736919134,0.338947171861025,-0.723911920609933,0.242730261891547,-0.371208493814812,0.613241907726819,-0.00914910713817862,0.404141123681203,-0.768309981526842,0.438192667561033,0.461453259485081,0.107129435981623,0.408825556590734,0.376727805753304,-0.353794902966487,-0.901170817724016,0.243682279479483,0.618612969305729,0.777257161742588,0.104207116747982,-0.363333092026174,-0.572603849681819,0.00760582508840101,-1.10238148159191,-0.859936431007665,-1.34695590481704,0.21943930519986
"88",0.595849202537129,0.447063465381124,0.797433522941128,-0.0207546121540124,-0.109237692898474,0.588553009407085,-0.158149188291671,0.744080633791979,0.234194362978226,0.794856081440256,0.0560020436091438,0.534400714600057,-0.185181319697396,0.700829490044542,0.282369036919464,0.00651894252466631,1.44928149177892,0.441088294727411,0.121952641862309,0.202498739628593,0.540973331826216,-0.904339379111499,-0.264751679315988,0.00839141211834956,0.230832221425734,0.217685667296332,-0.14288051952532,-0.104976451426462,0.301160746263417,0.0459593593915772,0.0520703614701797,0.598475230612431,0.149294352792041,-0.327701681289131,0.177719060215464,-0.177155337673905,-0.289993247892972,0.350367717807267,-0.285724356327367,0.876054423886557,0.107106398636467,-0.344074360633142,0.268620089201168,0.533235214006914,-0.1410745456948,-0.169142142934543,0.230906089797527,0.398016900383282,0.423718728657946,0.24779632272353,0.361430745485851,1.1480172876701,0.37398311955815,-0.129239208933863,0.164711776134795
"89",-0.0935846798580904,-0.907258131852176,-1.03926419510739,-1.11074029611633,-1.09955482154755,-0.394486174908257,-0.519079919440312,-0.870806356134168,-0.277006274213744,-1.48758537652776,-1.27530047180173,-0.250980252831039,-0.71082668041159,-1.55048129075698,-0.767765977973823,-0.979108324241669,-1.12989449583496,-0.857867066308009,-2.51926688505974,-1.03760974519455,-1.95503767423543,-0.727449016254515,-0.453718455329261,-1.70946315937413,-1.61075872454971,-2.00732524796116,-1.32169711387034,-0.738696635086232,-0.595077952761143,-1.44507843586135,-0.752222816936822,-0.757129295359253,-0.344513217485903,-0.985507507019215,-1.83758838216135,-1.73068822380998,-0.848990044143828,-2.10200820614985,-1.12671346638352,-0.250641888266553,-1.54947257754064,-1.42957636463199,-1.44239684716372,-1.01259441748086,-2.03849276607525,-1.69592269870517,-0.397714008609611,-0.744167404641133,0.473343996672922,-0.996208768475628,-2.1219595591843,-0.164703320285747,-1.75536222771276,0.917634301951026,-1.64731199331905
