"","X1","X2","X3","X4","X5","X6","X7","X8","X9","X10","X11","X12","X13","X14","X15","X16","X17","X18","X19","X20","X21","X22","X23","X24","X25","X26","X27","X28","X29","X30","X31","X32","X33","X34","X35","X36","X37","X38","X39","X40","X41"
"1",-0.28681622132848,-0.175509297541097,0.547816914754059,0.168920914981633,0.730810261789717,0.496601224542594,0.775840624468481,0.317692970939376,0.621118662923827,0.280525537238596,0.774625697223334,-2.14520456359988,-2.62478468111133,-0.0739944423767738,0.55160760719472,0.0986629973625911,0.158518218494019,0.93754098104649,-0.368450156079835,-0.251947379084665,-2.40813486688314,-2.12404921828664,-2.86600641459006,-2.49202469299323,-0.98948422080873,-2.98438971543126,-2.44122402396656,-2.5740102634402,-1.95926265529304,-0.874616897208416,-2.16533104370833,-2.58232620634199,-2.50828696027894,-1.47982719810455,-2.10939693750081,-1.31281800193042,0.152825149931092,-0.0453219221716601,-0.212700523315356,0.268993261695588,0.258172864076999
"2",-1.21981117781847,-1.63628845490604,-1.03087308509653,-0.840726340719076,1.19724721064632,2.21268088884315,1.06671340338929,3.06058682492142,0.656218848714118,0.331710239233002,0.771633604729505,2.39153889235254,-0.516831156458179,2.13272411087679,1.39307058875051,2.06394214837914,1.53748440713696,1.89532711499883,0.446993494154547,0.350012118679063,-0.233044846503926,-0.29740243198621,0.588510163715156,0.259102899375994,0.0485202161280291,0.398209188130799,-0.0936175299433496,0.144991965171242,-0.915349127258376,0.214722265977468,0.297113683466807,0.134076742136187,-0.575836436325978,-0.362672528222494,0.268734281072119,-0.0827078619014212,0.0336506550765538,0.166374626391293,-0.992874112627775,0.232910358734959,0.0314496123836644
"3",0.520054340349155,0.904319143762418,1.16312199803539,-0.136949112920908,0.985656385120462,1.13261481163916,0.89291634771078,0.440118647050959,0.784780164488275,0.776428750298399,0.654436910296887,0.605212848722214,0.57281847614794,-1.17190137306825,-0.964995653826484,-0.555885219346713,-2.10000778850955,-2.73672132919652,-1.76048535370453,-0.30597898290247,-2.11541457254154,-1.67494050349581,-2.50822217991926,-2.37367102692261,-1.17307764244539,-2.78114975509452,-2.53072305461483,-2.35086289585555,-2.48033452685572,-2.40864977958009,-2.40038203156664,-2.74378941997183,-2.13187419814488,-1.99580708641136,-1.90095185846212,1.28990030268481,2.92968769116681,1.77436095202956,-0.152549767693809,-0.0308917352921516,-2.13498675208499
"4",0.239700762372164,-0.384880270955675,0.869602947685709,0.47396882057034,2.55241469125075,0.151426333606096,-0.138811029268508,0.635318439232243,2.8789917032207,1.13319324555358,1.87990466444392,1.05597330609168,1.2295213734341,1.22081475456147,0.950430453534671,0.928600098341205,0.252428481780335,1.4012020928083,0.842051520373518,0.597163132271472,0.66803041276148,0.774820342179854,0.756324162458391,0.6520636005225,0.0602704774013343,0.728203809577513,0.98444346031094,0.758174114686269,1.08278522960754,0.69187132861204,0.793207803867144,0.600292191722847,-0.0699344963303421,0.199409796017566,0.61000918978788,0.735451848624271,0.500671394441368,-0.0671497322987301,-1.00282370131582,0.440365635160667,-0.15658203786212
"5",-0.408838962370515,-1.33176329027405,-0.743463688681547,-0.395743953965817,-0.851128612785259,-1.41088171953614,-2.16669741851255,-0.577789946655885,-0.406329940567771,-1.56176184196975,-1.06039443381341,-1.49940444695322,-0.848757328785371,0.344474607703107,-0.0928838930310478,0.22004010816338,-0.497284685590581,-0.599698093651877,0.754471742928059,0.869744144487807,0.733987168444981,0.486465721016935,-0.0233403128180775,0.109896506385136,0.518054305116726,0.224803447734115,0.589799216765222,0.136837137484021,0.817842529402041,0.738191616446117,0.126986868425611,1.54802639254209,0.749750647505188,1.44815054969739,-0.280761448528334,0.548445669151471,0.162438494641941,-0.739089172440402,-0.318738824622482,0.688862715217667,0.396791143799405
"6",-0.205915038996605,-0.711993675215022,0.382705483795771,-0.180834233617114,-0.423069946531865,-0.17680410979277,-0.648512983999142,0.156615723074817,0.670016028948191,-0.127442588790087,0.196229512815242,-0.365019163462691,-0.183171473936969,0.300351993071515,0.413810695733255,0.168807757196522,-0.260677845062275,0.517031040443063,0.271214715506712,0.236440030442676,0.499289550626903,0.358134408961462,-0.891948294530625,-1.10806966570574,-0.55931762379376,-1.0689409790935,-0.91951028740894,-1.32614850137816,-1.15925498417531,-1.53025680882654,-1.07424198404737,0.226705510326079,-1.24092617578277,-0.566668434769367,-0.732923389083602,-0.676603137533763,-0.77070941740409,-0.655189470721,-2.18575834697334,-0.418385563802208,-1.07045178933941
"7",-0.0757123284154608,-1.43206908922034,-0.549252736461345,-0.173887879024594,-0.130753234574084,-0.512730031489258,-3.88354282578709,-1.86736276726547,-2.40273214706074,-4.21517499672986,-3.56159709600381,-1.13200429595957,1.81857121459813,-0.553638933814403,-0.606742820825419,-0.910783934701252,-0.903829766158184,-1.54819428215038,-1.23836530484374,-1.22370477369175,-0.888716203751448,-1.17353444330704,-1.09606688618126,-1.3315298673056,-1.12938760691016,-1.28316867906802,-1.24616969036606,-1.33387946906114,-0.838682044987424,-1.26965272231894,-1.35186293193302,-1.23627431280152,-1.07443325920186,-0.975305337918151,-1.24518651491094,-0.80917586108844,-0.751792523582339,-0.183707046798645,-1.13191241628768,-1.13840176050865,-1.84815454977407
"8",-0.19990550360054,-0.0107509185819997,1.09423761654852,-0.369395512766815,-0.147724658701479,-0.242410611444668,0.512608020098245,-0.695241434514831,-0.885249378562921,-0.232196698118779,0.363501208415232,-0.480326474126672,-0.422883109907869,-0.38976264855751,-0.639759778909732,-0.275325454785619,-0.206637620372913,0.255938143974204,-1.03227148487909,-0.671873803552536,0.0662975703365561,0.0687344884211722,-0.163296990044468,0.634108616257208,-0.107826478542051,-0.409483303593218,0.254923311668106,0.206236750854404,-0.916316609675461,-1.4750339810185,0.800177617518738,-0.208514062794911,-0.751042365326073,0.31274904683002,-0.0284307738145167,0.107083366681684,-0.314767743182374,-0.321203704939524,-0.425747557409363,-0.192274922089549,-0.600286240085603
"9",0.44725727905139,0.379232903486494,-0.0315972293722841,-0.222264566559337,0.0890902464540193,-0.170278248227835,-0.3386348032537,0.0468674528211209,-0.474220827433847,-0.402906052848673,-0.29643910408616,-0.0890329123797457,-0.536874226985453,-0.654696276298505,0.221324401609038,-0.232261753307006,0.0313618230004675,-0.138380866072608,-0.30536337049758,-0.784710993401724,0.0204329255924711,-0.0106851381666067,-0.427057272221806,0.402588805955153,-0.192366020986376,-0.242118101754958,-0.0315689614145359,0.321108781862827,0.0732114280963622,-0.41813662129665,0.232759469253198,-0.28097361466609,-0.0226610911437678,-0.504561621756407,-0.177884457932989,1.52854611715721,1.32936591129783,1.56446290115935,2.10428461521728,1.96038290724136,2.22347784969281
"10",-1.66262058450228,-0.816421855266352,-1.45918473652472,-1.97792992612675,-0.887367681477061,-1.97661033805007,-1.64720901711636,-0.792712298484782,-2.85158979235541,-2.26601765568152,-1.88847936431207,-1.6680572131061,-2.02850333292492,-0.865058459243657,-0.493602478496651,-0.398113479089332,-0.566810834774677,-0.213655101631627,-0.82003254219636,-0.707112352656936,-0.547607471866304,0.16486965460992,-0.502011701784185,-0.210875130385164,-0.781461076785031,0.0255260806917011,0.156933712764431,0.0103457704908046,0.258838267949991,0.164861272130935,0.31843557480063,-0.9758627243005,-0.192989858314095,0.16509100508964,0.206436515932666,-0.806596949471338,-0.456571838501777,-0.363367046532537,-0.233938043006927,-1.18869510243531,-0.315098705820514
"11",0.38856220518303,0.159520392346256,0.956698293368475,0.461891727988244,0.46185317696999,-0.360349964341109,-0.684960404184491,-0.333519238975829,-0.0151377394721967,0.117981865316535,-0.174691135016139,-0.49817673536578,0.00147300536777301,-0.163823191251531,-0.0162768955559426,-0.183442604123839,-0.00420380680262168,-0.233657124515236,0.0955638200260667,-0.162228058096878,-0.032666843718929,0.083983833762731,-0.782814820843773,0.374471963840508,1.17159936756911,-0.0425701185851266,0.204939133539639,0.374509172537931,0.275680721003513,-0.324121737176242,-0.323713800113482,0.193775432777975,-0.454157092766963,1.05804309041517,0.174212344265553,0.157411616352175,-0.445099720191247,0.0929855694613929,-0.398415514743284,0.09848703019026,-0.347023074417078
"12",1.25162484006406,0.438796657036086,0.310471281321106,0.519747138425868,-0.124973431850154,-0.268977105969863,0.295436809670079,0.101099653147531,-0.456574506008931,-0.196685025219463,-0.905030717331062,-0.317529255437526,-0.0504092109715073,-0.211052863302802,-0.79126342247213,-0.7440841188352,-0.151724758186475,-1.32245716674965,-0.152347795609394,0.198815061692129,0.066608321770322,-0.0559197749395656,0.435536559833615,-0.781042604008363,-0.631938708031639,-0.897601102883802,0.0893325647374115,-0.634355245724538,-0.262894323312163,0.647155528970988,-0.604813677283198,-0.477447084366655,0.69894634716386,0.00436528194867028,-0.218118670844265,0.250559447855607,0.344293352366968,-0.586449767538775,0.388433790023278,-0.0486666815540808,0.228443132140313
"13",-1.93423991540363,-2.23123071496991,-2.22882413588382,-2.0000519638814,-1.37888642279947,-0.00156673267067166,0.233418889840116,-0.496590033105063,-0.429159329699667,-0.912539368118282,1.47841526247375,0.436743253075259,0.898903026844998,2.02052814748854,1.85524819943482,0.894780578775197,0.354798355206695,1.72697565840441,1.69593415838772,1.243187960235,0.757175459323256,0.845271670127268,1.5724415247434,1.92721687124462,1.78413613579789,1.84813777992504,1.54984733772398,1.44255280519529,1.20061160958582,1.56287823768378,1.92837286519311,1.57264792078641,1.20338195092309,1.55111920991078,1.4669800991499,0.847231000790033,1.5735913362934,0.847116785455974,0.955634993817055,1.0559213043037,1.59275812971046
"14",-1.03964764044461,-0.561179127165006,0.0817788058214107,-0.396340282123035,-0.474622057924332,-0.285980334245855,-0.346946884730866,-1.06705394189187,-0.444906299040413,-0.212334954787516,-0.164303907496276,0.0408172501461207,-0.23013011102697,-2.30191056497618,-2.80760624196384,-2.00813925889815,-1.35983485491495,-1.81780680258612,-2.67801342482081,-1.79013084865917,-2.19543070540317,-2.24106724593039,-1.64529880541687,-2.16336912843538,-2.14716724478841,-2.13061395504503,-2.44569678297005,-2.01773878181849,-2.31727244459569,-2.3884481223312,-1.52188215122316,-2.19072347586921,-2.72148481111418,-2.46889770163047,-1.25902151795003,-1.58770892797379,-1.60464528856716,-0.786501367012004,-2.34699926976348,-2.33627609084471,-1.74812311557273
"15",-0.715402574699905,0.520264324000377,-1.47637305478305,-0.766966916224397,-1.54471475256464,-1.61539070475493,0.078643926912895,0.774827968123309,-0.0298839321033229,-0.180233028740379,-0.706174603167768,-0.665712752305097,0.27001322358888,-0.773748159823223,0.280875727202879,-0.346329869568053,-0.504505421771045,0.137934109694112,-0.566783487004009,0.110890127124097,0.206597592282304,0.0881881573646349,0.137762004755287,-0.439441922166894,1.86922849333716,-0.46946585147837,0.489671902161349,0.165897218169127,-0.482949378934742,0.568434057627134,-0.406682079259394,1.24620587017563,-0.350142850606618,0.321215085838018,-0.912680675037493,0.549625477357254,0.1312265879473,0.310728865662787,0.257345559639827,-0.0697253528282539,0.201389914125341
"16",4.12629484852215,-1.65073047529794,1.41779885794103,4.33473626064715,4.84979305138812,-2.08196581450972,-1.7996361230266,-1.29921498504508,-1.43154869674881,-0.9325782078235,-0.903943681892937,-0.85755135927303,-0.412369216719304,-1.63314344720167,-1.58808384070616,-0.6478875736112,0.5079711038514,-0.024570804332627,2.23187231999794,2.63312310974166,2.14461638282808,2.16448573655435,2.2843905195425,2.79536878524866,2.33897429874519,2.61637347378543,2.7306776399347,-0.416037494244545,-1.05253105486139,1.56942482031102,2.00233059794244,0.665294729357976,-0.554149535902108,-0.848935267993966,-0.45640733499222,-0.894529940987125,-2.28820443929354,-0.176387980648548,2.08070099744279,2.98678492465544,2.38610094996945
"17",1.08188901350245,0.580879202612609,0.39936019064822,-0.167170792344945,0.218821794691216,0.188182289185071,-0.153131844343624,-0.332699885009441,-0.0471652487601423,-0.073777575080007,0.0346729883823647,0.139652509909962,-0.844449196942252,-1.00854093132119,-1.11989009891647,-0.502744665691473,0.221687226119109,-0.541324843195631,-0.128938445320791,-1.01093283239632,-0.767253952611253,-0.114586046189894,-0.984362981408077,-0.0983742048979439,-0.0815089514159041,-0.436368532609052,-0.111859370585036,-0.516760958914231,-0.778019717579592,-0.299654984730707,0.336607301645268,-0.319469082121197,-0.579980430037545,-0.509298425874815,-0.718392610746202,-0.68334164060947,-1.17913619148397,0.147820340841667,-0.371056811871716,-0.653048167611972,-0.412448388303818
"18",1.0063716164004,-1.35291718215968,0.259614312195192,0.125551068130013,0.327642036299052,-0.215185532728453,0.0902663755111539,-0.2990225015091,0.164473806813065,-0.0731410547794121,0.0507589168354292,-0.115114028933676,0.01710024075585,-0.263003103287061,-0.104049019048692,-0.249292944170179,0.688638715810698,0.042723690694814,-0.254230295700996,2.95360966768032,2.24640211765152,2.25887257015617,3.69329982017788,1.07327142401249,1.16480091810367,1.20091219500556,0.996052900959706,0.207771004672571,-0.540249115014902,-0.116249121282449,-0.0117100322244319,-0.609866869793284,-0.283812387159284,-0.124314824744025,-0.018868176119583,-0.126987949803231,0.152433064874909,-5.65316711647733,-0.482165884262619,0.0274110402513276,-0.323599649254841
"19",0.0421970898554808,0.224076989943388,0.487920017756962,0.17773267668343,0.534714017759762,-0.204149149199518,-0.0785623476646082,-0.317370869071355,-0.263121978917423,0.337555702880602,0.17151867187079,0.252207831440505,-0.005173826618754,-0.158046943577493,-0.32987520473604,-0.208091185920836,-0.421763109872173,-0.41831701122247,-0.112690552394773,-0.255164702506074,-0.529543273778849,-0.835352343416609,-0.140360835735645,-0.349963092269614,-0.0997930166304716,0.0963936790591338,-0.394015917721893,-0.103843706614076,0.850424269582286,-0.176156783814421,-0.0755621329331229,-0.569060092868602,-0.243063115662203,-0.110724927584596,0.195062602378499,-0.395199143885977,-0.075252179417248,-0.0506440952000743,-0.415590019118516,-0.452683833604008,-0.138312604282987
"20",0.0948126143231611,0.594445285452305,-0.100304614446879,0.116739306428215,-0.758151310902014,-0.808799013756522,-0.148569657722958,-1.15719578140657,-0.130578792945842,-0.542678724339777,-0.531990899403134,-0.357874036549949,-0.382381541854162,0.275267602860896,0.362219082367311,-0.661360641077653,-0.675881479033503,-0.695850016690792,0.356640671188988,4.04822538597635,4.54891439387325,4.82244616706621,0.00416549675533752,0.242172391455655,-0.00920191320004434,0.343330895327515,0.400890924735448,0.577520204991544,0.489264263141079,0.391832036516387,0.199590090220009,-0.11466273354348,1.23758052466843,0.110375080992951,0.124777796831191,0.158012485215343,0.386227091153518,0.0332556065193276,0.639300991622261,0.405386825247634,0.0319681542197694
"21",0.118958694164533,1.50648788863193,0.672789492662853,0.777308796000026,0.17743585583184,0.105005145190966,0.34356231487589,0.0239384449743374,0.268344872783063,0.0404123702168267,0.0221336502981328,0.0378983395032477,0.0755472294275027,0.472991619815189,0.138491964292279,0.0516402571749515,0.0968412853457939,-0.676539307962146,0.247098642452064,-0.0182028321825341,-0.0217055355461231,-0.182192864769683,-0.0723158128113166,-0.275833642060868,-0.367967147792993,-0.0722339953378362,0.168395157710875,-0.0084214769270043,0.277987340668636,0.229799038998001,-0.255085643566349,0.126315608233087,0.424619276270539,-0.247404150959741,-0.216037095158416,0.118026197437926,0.0944383604536167,-0.532210182445308,0.365948572714878,0.130462897374705,-0.0203155286893205
"22",0.41841150915028,0.782788283004385,-0.108859441039985,-0.203546809935217,-0.922365417325778,-0.359780151061082,-1.08044078413185,-0.302151530435856,-1.25761397007501,-0.805941467374511,1.9798625140497,2.3501837190945,2.45311800526254,1.01303178916547,1.32801743351755,0.998178179801011,1.30416917333337,1.20665312171292,2.0632617294057,0.990293767178085,1.77532561286004,1.89941909045808,1.91329277001428,2.08230364001893,0.936423592765204,1.87947609396614,2.06942187931818,2.42567966791857,0.897695224509736,1.55103075102642,2.36381286970774,2.00165737030625,-0.00569196817614382,-0.942811230288756,-0.286201146315109,-0.96546316816977,-1.24017076522974,-0.209476887839791,-0.348854192741486,-1.69524061921536,-0.486657486626397
"23",0.859254689204503,1.33220368879266,-0.369673487655558,0.576728320205823,0.0656226773296099,-0.0371758640481618,0.474430307182375,0.743324775856611,-0.15678613529522,-0.0890219796178419,0.350577564873077,-0.676354367826988,-0.0384438876500817,0.199966446786264,0.108351506269287,-0.0525591744754749,-0.357355228287504,-0.883709700343856,-0.345808104794366,-0.492458020002691,-0.36463249390543,-0.584045722310071,-0.549399905657872,-0.541901400319293,0.368394320690764,-0.482622144458618,0.353937917843415,-0.532807940483229,0.25120459570787,-0.515590661543878,-0.975050656659243,-0.0607289353102794,0.286905864735229,0.386442905974392,-0.967094903532476,4.58033714366888,0.295500545375345,-0.123765749595321,0.0932040064926162,0.160953949771005,0.583356211074387
"24",-0.578482895551073,-0.637111963721334,-0.899390972469765,-1.31497512392607,-1.09555833443273,-1.38720147922515,-1.58161923898095,1.37009830211295,1.17736602015295,0.310099348382161,0.566205867235727,0.901127755413965,1.00850908115369,0.729797713186172,0.511725322560725,0.608307313357583,0.767655362955217,0.672096097373528,1.06182210853438,0.536782600707334,0.842896572914208,0.557754213509942,0.935199802671446,1.68271049085886,1.05771357699976,0.947100845857689,0.70665004573141,1.50420354130505,1.1311416526127,1.05971209434965,1.59061784755186,0.761274896278752,1.00559125619496,1.84010112342257,0.909825091058981,0.0678558403154214,0.134426195628001,0.77807086324213,0.917313614448909,0.220152611160216,0.504731650450429
"25",-0.098478548915892,1.23285594654409,0.512417632299826,0.685231096850624,0.531559167885835,-0.281529792627122,0.451819665198974,-0.896331543005657,0.663492398274745,0.784364721142911,-0.0351498232442821,-0.181474930614055,0.264038255020744,-0.390518419281216,0.658988969151238,-0.352409133486393,-0.28363770625476,-1.09629867891161,0.131936485051832,-0.0251917958492898,0.688932933215094,0.363471911091932,0.0881493893645805,-0.164799356119505,-0.432952326506718,-0.626054732528401,0.00386778730797128,0.2627295286027,0.235860560544224,2.34534041647462,1.15093976595405,-0.0453903557829781,0.8613377725328,-0.515263972955198,-0.0755537371999533,0.175428910439005,-0.00241148897975449,-0.0851778386672645,0.430077030995202,0.0174646847794582,-0.501129517870418
"26",-0.581499332249874,0.899183959862646,-1.24963409524101,-0.0764652269165198,-0.814953327994485,0.318837475277893,1.20429114821349,-0.273054787220045,-0.278730910091325,-0.433416678144323,-0.336994310052981,-0.137986707270845,-0.134120315666024,-1.39804476850602,-0.146299482527351,-0.507150879171919,-1.00470304366987,0.174468416797846,-1.02234371268941,-1.13928289286675,-0.274146210152323,-0.666240479988215,-1.01705359214709,-0.444007652004803,-0.749374277231901,-0.617108694923374,-0.900084481148682,-0.119657863673701,-0.425213095910289,-0.689924735208788,-1.11557070753547,0.182620323390605,0.734265924336297,-0.520547567691685,-0.735804243831144,-0.588845582182404,-0.787520669257454,-0.53091198626901,0.53213762964355,-0.941373500752261,-0.594713224796556
"27",0.575995530036017,0.700587018340126,0.195777606169393,0.159987571810888,-0.250509961981273,0.105655332133649,-0.513984115111683,0.321944579316144,-0.65311961895377,-0.0256355941192915,-0.35197673283401,1.78148656799207,1.77672591970764,-0.223001238553771,-0.0135140202371683,0.11981898999661,0.417035946643196,0.0587226754239678,0.386030242216932,-0.79492642386018,0.406619033771719,0.503352393701809,0.707485971818054,-0.24168837844818,0.953619670824836,0.0263491040702864,0.413536335300463,0.44998013272962,0.487842535930606,0.0844540726855489,0.314540210109702,0.356181417375671,1.17580314149137,0.384587504101812,1.10845456320335,-0.290060250543842,0.0739628075196323,1.01572270944284,0.580899145480714,-0.435870209736968,0.132450038905001
"28",0.0926363456797319,-0.448254352857337,-0.538528064962247,0.111893416451602,-0.835805757176743,-1.50098419419466,-1.51675273433418,-1.06218943094182,-1.35915166010932,-0.529311798027285,-0.97387080500102,-0.780019420221365,-1.01443577052362,0.637671661238563,0.0922227730772217,0.390876290665056,-0.760346458737483,-1.27141843028035,-0.520483049788569,-0.755238482187557,-0.857102676431861,-0.434845424455049,-0.148813599500319,-0.416121761204916,-0.319201799205282,-0.424504612853379,-0.208308717920107,-0.782807734815404,-0.502063055955201,-0.563908097128767,-1.03923749970455,0.24279344071299,-0.350775075288255,-0.82727252957437,-1.0154426614513,-0.274692042539886,0.111864362950625,-0.848922607077028,-0.775902696285965,0.292145902542786,0.458879981427571
"29",-1.39172473164861,-2.3972865764282,-2.05317158526138,-1.60195370739171,-1.86643093644244,0.635629666834543,-1.19354406682884,3.74374738791971,1.55539150379571,-0.377573571530644,0.0948442429371727,-0.138122607968793,-0.638576910853378,-0.219372339443913,-0.188549946006009,-0.627753144032577,-0.564337608293329,-0.205813623931042,-0.565652730578338,0.214615948477557,-0.236308208825085,0.0304931819959345,-0.107505453773152,-0.106131800342381,0.224303654295743,-0.175684258689409,0.252029173489377,-0.778843748296872,0.599757834311818,-0.244425386930298,-0.315931040787259,-0.169617157379298,0.407331384555872,0.41459340723321,-0.295251975402196,0.557669225496311,0.621846007138063,-0.341504732852608,0.0579912070843465,0.414519387999077,-0.192811875037252
"30",-0.792702411669431,0.743540806056128,-1.63770856227955,-0.25576894564495,-0.95519450053954,0.755788292505824,0.135793659800073,0.782479572880283,1.56160985775402,0.682540722653602,1.3882023012653,0.475226785498401,0.893281940535404,1.62193106889785,0.530425563084117,0.823089982015931,0.532997262122452,0.790073795876289,1.81223380290663,1.2502740722111,0.542199695417129,0.60295184853503,1.09952065147684,0.77421908054375,1.16527728004719,1.32575200539251,0.963477402482078,0.713477778746135,0.868900824035396,0.585724618154499,0.690920109865354,0.184986374400249,1.18108407706739,0.303644061481795,0.806545585828251,0.883625233100772,1.02311843908167,0.84409772458086,1.45443144237027,0.63782220687518,1.57924985299011
"31",-0.414749311260042,-0.148251215838577,-0.463022706571905,-0.656547784045236,-0.861962063052183,0.344539053224354,-0.166779458710081,0.529550809901863,0.0673068829654635,0.736786111980505,-0.0637256790798455,-0.00721478348933468,-0.011574479642817,-0.267081865922934,-0.11007711065329,-0.14327397379467,-0.0633216061511331,-0.00617526386626656,1.30687991033362,-0.287692242318972,0.415226092860447,0.17820878471761,-0.00377647621653911,0.271473599287008,0.244416714132933,1.31496360352716,0.213700479117064,0.739218617707891,0.232203005065,0.25237019357836,0.326015097708196,0.156964788278321,0.563926531541068,0.130637052435898,0.598882535224022,-0.0684536735415873,-0.21938942284875,0.194607158517711,0.112681952621994,-1.28483685996771,-0.507283928551462
"32",1.03669934939918,1.0339688507074,1.1986392780978,1.21184096601758,0.350452140597479,0.220361744420254,0.904744651071191,0.203570511794257,0.794137559452221,0.601506298498236,0.265442925787182,-0.353306591353713,0.326418978363435,0.0364380559894889,-0.107547465069218,0.15746647980416,-0.507426270595454,-0.00838088521781659,-0.0068436741203112,0.35385804880803,-0.0223950448064548,0.0447157288340581,0.402683374820768,0.406017544705022,-0.0602079272257582,-0.0694191043696105,0.818205917347878,0.203293610261579,0.782535320461471,0.358401814165514,0.358192204815001,0.696813691650971,0.554246587255842,0.0259727269349778,0.704272367185985,0.510731279703406,0.332758306825198,-0.507070031243828,0.500065402441742,0.422971410639288,-0.27558477035005
"33",1.14980113935327,0.965262498956725,0.711762791560428,1.0715533196337,0.194989921362858,0.625205082827321,-0.45453103434529,0.803156970221009,0.426365391567827,0.247146720669097,-0.362331019886051,-0.392286456760663,0.132060687498136,-0.514056941705394,-0.0291463927117916,-0.195362124755105,-0.242786515653322,-0.935400247302123,0.216689371433113,-0.500612763381644,0.297490025325743,0.0839930841996989,0.0146010075759223,-0.824798995412136,-1.85451634314566,-0.0220612820715648,-0.451906903279937,-0.0712064862875482,1.11613977586485,0.998152553678026,-0.521432947758247,-0.0511747118502569,0.652443299782641,0.38373352774324,0.824290731039656,-0.117838953828273,-0.118957561790994,0.578161590924441,0.326720746360147,-0.307076803930652,-0.109866132445753
"34",-0.72615993478388,-1.04239731990482,-0.574917216240663,-0.164328101809082,1.73923373704372,-0.505508397919238,-1.25948991806635,-0.80879615232891,1.09425775268238,1.1107802877917,-0.287342044889324,0.544029172761037,0.344913172918541,1.42126794357359,1.27314266311696,0.941498777523681,0.218354926454111,0.262392055406613,1.14326349395477,0.973881417504395,0.54564251905262,0.357079859147123,0.578093876203977,1.02143173659219,0.0996085643168192,0.384421658871196,1.11614867273235,0.869995547636002,1.40958191239314,1.01567329394616,0.475824248425404,-0.986944844967779,0.63965536021374,0.923194694053364,0.481503517336662,0.43991208602764,1.39106848180599,0.063661862475827,-0.132863871961627,1.0669574757579,0.977311823809739
"35",-2.57110480487687,-1.81917874119568,-2.65442839774652,-2.8328444990139,-0.675610036517749,-1.30052388228132,-1.10429768197261,-1.62736302278029,-1.48724842436044,-1.32454638228416,-1.22499795151982,-0.504658607785278,-1.46209682757918,-1.60280465100719,-1.09143009103325,-0.997239008827191,-1.06074174387067,-1.43468708184972,-1.48632403533027,0.148647960474196,-1.01115321318844,-1.25676062470711,-1.40911573367646,-0.988768507061757,-1.06704888343817,-1.22995757490686,-1.31167149194904,-0.903524257994976,-1.61615445492671,-0.664293544074644,-0.727753777945588,-1.37663162153814,-1.22297949532421,-1.26415208970412,-1.16554036898639,-1.15271934417688,-1.72355355282799,-0.507548768039739,-1.16730117305217,-1.40547330248274,-1.21289889817488
"36",0.352079074278572,1.20395000732149,0.699647059369333,0.903035614079024,0.283125779835375,0.328704242074142,0.216572181196972,-0.548299655471966,0.426750305686912,0.103375264386352,-0.22139522830973,0.277898972078586,0.39381559806633,-0.52952025063963,-0.355823507784008,-0.200936389578135,-0.316178494163841,-0.378075943459264,0.169695672837648,0.13099411255308,-0.111337016723065,0.512903469871151,0.0751214779611978,-0.153044526381179,0.424922604654232,0.574025103412294,0.0997690024122226,-0.0361514729790844,0.251605746953978,-0.157945504323969,0.308823687706493,0.508308157227099,0.661002240640763,-0.015528066605684,0.383514204456707,0.40686868445749,0.576126953364663,0.00888315936894768,1.0684023309893,0.417098777791304,-0.256807270527461
"37",0.751491467102257,0.479182852802202,0.447551724913783,0.317612735666643,-0.293637691984108,0.0604661400102807,0.387370433718729,0.950189071748358,-0.515685369089687,-0.156658678091332,0.0053395017868958,-0.128483112376114,0.0341019753510175,1.05946370323061,-0.295530631238808,-0.0404430511429817,-0.751525133572745,0.18737953163483,-0.17407447264551,0.119976351351523,-0.534865718548669,-0.98206427372727,0.346290972821151,-0.8146667467057,0.115881323547668,-0.140999486286937,-0.557030443167734,-0.203546325358056,-0.221628838510278,0.190417993348947,-0.263866652360682,0.548105256857177,0.332872318058924,0.598278192618658,0.0213487861644614,-0.635638793139656,0.491209075085493,0.169225482446221,-0.254631694506548,-0.298943635748152,-0.20167946421428
"38",-1.84948066969249,-1.38968329226084,-0.547810543472468,-1.83824439749385,-1.90535383543135,0.394940537351333,1.6567209699281,2.20608967014243,2.74138490564806,2.13648270322504,2.98796161111749,0.678906479365762,1.73127512876274,0.688530232399692,0.800152761141859,0.355703681920014,0.0248102596156879,0.696476443238572,-0.859548440857772,0.0211593769234454,-0.0634964084548517,-0.746090251895001,0.439790952823944,1.36612953478285,2.3333990997026,0.837211368402836,1.62251870888609,1.20037352643432,2.63630242299262,1.41119655850773,-0.0183570586228652,-1.11871381430692,-2.23299295751958,1.02019166347157,-3.16853369758952,-1.14903957062799,-1.13535336021023,-1.13595766330638,-2.15618151500519,-1.01175467351469,-1.35957814644037
"39",0.168088104652458,-1.82393070241636,-0.81803162162912,-0.195410983304828,0.10295588524674,-0.439440047608792,-0.636873844474222,-0.24864836159135,-0.539490316419952,-1.01477402486604,-0.285475418379412,-1.0063035362656,-2.88000046298907,0.41979375831878,0.237740186782275,-0.0397144646619632,-0.299526038714467,-1.28193298938013,-0.507358198419168,-0.320139777641816,-0.91473337166355,-0.573268963242484,-0.482964148349559,-0.542475817691896,-0.390623745168073,-0.118468277464015,0.0619807664194981,-0.351170197989929,-0.53325846462316,-0.607412068134581,-1.04895100500801,-0.930062302442867,0.00854636919180619,-0.243330868040798,-0.285240861399262,5.20610917037792,3.82794487376884,3.5197835545912,1.67159481219159,0.321647078413656,2.78789754380227
"40",-1.5120671365799,-0.606848321292828,-1.4305637611182,-0.910965692208043,-1.13843583528537,-1.78208808031806,0.0195413556063825,-0.848396110168966,-1.6534251405996,-1.83165029934314,-1.57293164288943,-1.23583095200998,-1.30397300275155,-1.61913169791138,-3.30403872240127,-1.79868413794756,-1.1347904612229,-2.47807766001953,-2.50405193328566,-2.07431251193316,-2.09159344439693,-1.64211995313375,-1.3304484592116,-2.29514165807629,-2.74143759083757,-2.16329930918466,-2.32631906441978,-2.34191407689278,-1.10898129418508,-2.05420682875386,-2.12912866000377,-1.40907510761896,-1.16700370334334,-2.59183343497594,-1.75941621224258,-1.5839458222468,-1.64244035176067,-1.18271429037367,-1.4320476776281,-1.72940087738621,-0.525092436054057
"41",0.226829854523893,0.305588453785288,0.692114878713793,-0.0552695241633786,0.450916691170636,0.19391041215797,0.452348211209905,-0.0326743979788213,-0.383427550482255,-0.0237106335328152,-0.0351278629324007,0.0960106596908112,-0.211210232015937,-0.530066085051196,-0.512966526726502,-0.191210338299777,0.0477429921813208,-0.234336916767616,-0.459179897853951,-0.365405175192406,0.0464118399086226,0.151035626124447,-0.0115042465978879,0.00260481610856946,-0.224811562250052,-0.402222576245992,0.0557704282443085,0.152454289189563,-0.289623974725651,-0.661064257711467,0.614551036784073,-0.241504964276425,0.0692452514413692,0.142598865170712,0.62306216439251,-0.206828948234744,-0.134979802975743,0.268789797163355,-0.361752400156478,-0.402861634831281,-0.312877880179014
"42",0.23058727277153,-0.359647794842617,0.0686941821586981,-0.131425840474446,-0.169553472214859,0.107046876143819,0.357695357026071,-0.0373969735961104,0.408208063467575,0.216308852073746,0.322517776366725,0.00593804058158717,-0.0548558184810126,0.0979074081842344,0.337179777259719,-0.130556477493717,-0.349487926500398,0.223788743796238,-0.0454240064533403,0.00430700255446545,0.0248174488615935,-0.369726973419621,-0.0682253671883532,-0.196092667086361,-0.184755991913475,0.0760491451943611,-0.48104287200917,0.456767862656685,0.0443816319238368,-0.283393463044438,-0.0212740989847676,0.0186876580643208,-0.614577464716684,-0.634329165970449,0.48678795947836,-0.214241126181858,-0.0803057201413803,0.330801307538184,-1.31158620515208,0.0290386256921789,0.00758097453386252
"43",-0.271255608802942,0.053783780576327,-0.00777482336512094,-0.892155302083772,0.123656214357315,-0.359270318126321,-0.125352578737541,-0.042326000606505,-0.953930003018153,-0.613612238644372,-0.39367936509663,-0.567757892714916,-0.804881057454555,-0.667502391339077,-0.388714880626559,-0.227658937125333,-0.429992126683973,-0.290413358243301,-0.614349294505321,-0.391293770982528,-0.122078248652505,-0.146615684191197,-0.375846375963315,0.173905551544613,-0.117883008460645,-0.312822605581314,-0.28530485238338,0.0528053991785142,-0.310477940240256,0.423210951177443,-0.0536365098850534,-0.654681943929677,-0.335378544806046,-0.255728884527113,-0.0257741772209753,-0.676857519972185,-1.27470329351131,-0.12650446910346,-0.32040242144492,-1.24346192481343,-0.564187347818578
"44",0.17029354579781,1.0230032074758,-2.46888371430493,-1.3888271819209,2.03677091597795,0.096670276412809,0.949131388704944,0.712544163465783,0.894135593010191,-0.565610138152941,0.645202599150794,-0.928162998436168,0.0906103046932664,0.936453020676957,0.653194107281341,0.222915904538194,0.631799721117762,1.14421099365889,-1.10668602679709,1.99025274452878,1.63203519869756,0.583965326658445,-1.59635625966833,-2.0428421512746,-2.06936734169304,-1.38780288797704,-1.13798483196914,-3.47748278712712,-0.946562233775428,-1.24945106507006,-3.04675304532418,-3.06652729303794,-1.41316755543535,-1.32299044643823,-3.05833094063017,-0.26354307429044,-1.58280953932716,-1.94483739179909,3.06933073346422,0.220241842818157,-0.54603314575858
"45",1.4935699020097,1.1430887712727,1.00709474405135,0.97022963925055,-0.0162365999590475,1.59287399103744,0.832200320160374,0.687189351750009,1.22328361997957,1.84016710361345,0.865903733558027,-0.140728356133787,0.601349592151836,0.0214725960240429,0.0101079657133911,-0.0226061747002691,0.155163311639977,0.344531698918852,0.266038812582061,-0.580760118595257,0.420284068324935,0.418803399815338,0.784346255198719,0.547276843736771,0.3640811867479,0.357761741943591,0.734796635784012,0.108271361141889,0.771421071231056,0.240813816593155,0.508664862663707,0.571917826787142,1.63179652132487,0.50801473463207,1.32240259232867,0.134047905154379,0.291061755294857,0.840819887059309,0.814021314307026,-0.342188866452878,0.573299642131745
"46",-1.07606075734445,0.457278939387504,1.48003079649557,0.108807562977845,0.678374988690707,0.223792620169467,0.373238782479104,0.279802688698476,0.557070280798264,0.554171517676783,0.476393681719111,-0.0786690069797471,-0.275073157861797,0.0979793863483968,0.0987053636520081,0.0762194497832799,0.295581084226392,-0.219972396219126,0.19231248402433,0.179048238042654,-0.246244698439727,0.134727105750066,-0.335466441461768,0.702470205425587,0.807805868016863,0.387831542887426,0.393414401107065,0.489333444672637,-0.600156334194766,0.116868796180077,0.0147525449930719,0.433470389559594,-0.379926477205397,0.796148815500093,0.123570252925036,-0.275777115216877,-0.330959403835844,0.238819148561693,-0.296861459999203,0.0145093322684387,-0.358525275145225
"47",-0.388313190017742,-0.144637973435752,-0.402306381740219,-0.416910708750161,-0.334096311051614,0.769787705090897,0.296371501563093,0.756324762016225,1.32912836627743,0.79179506900671,0.636440434710148,1.15209498344107,0.755093482938966,0.023439999177817,0.513734686428925,0.118149794513642,0.742692504813486,1.23005245987235,1.69343034058802,1.52464947084719,1.03629919777106,0.583299295196757,1.60232553230908,-0.783719270528123,-0.0744929045194811,0.211840451987737,-0.603024218655832,0.711179382948492,0.022282917689689,0.132663188392427,0.936674782813904,0.306427439846397,-0.399126981402327,1.66558276053344,0.989960004755069,-0.268205290360134,-0.32311770271219,-0.172411446181613,-0.570784407304025,-0.773161117733747,-0.479665028533467
"48",-0.477155127372962,-0.131110212863965,-0.147847817409716,-0.668920145909061,0.0274946238765916,-0.291870404150972,0.278745883009104,0.398518691340194,-0.651712691484014,-0.162265446626209,0.553282223693572,-0.273432433316551,-0.46737995737323,-0.629030062594239,-0.704561763659165,-0.282218114193349,-0.232866481101074,0.245449920651759,-0.693583012618443,0.584042395902812,-0.338653107322661,-0.191447926956052,-0.219088526315783,-0.274675924572786,-0.321556164201819,-0.281182264612288,-0.24725899424217,-0.200143505605702,-0.69466874763451,0.0343764390829961,0.0319339924252333,-0.327297122351047,-0.472231280724339,-0.262720431980743,0.0401002179643282,-0.464018365287255,-1.20183840029257,0.212208283419622,-0.579528954704019,-0.328663726619838,-0.615952488891563
"49",-1.07330687316296,-1.07128136068861,-0.13289817599548,-1.18024548755121,0.44366004581521,0.89054013618031,0.991275978523906,-0.134945256838476,-0.0753635262082319,1.28306426028134,0.0388289774059039,-1.7470568796956,-0.0780838293351645,2.27193587854734,3.34774507428724,7.49774783372511,6.99353506093766,-1.44565593310847,-1.34411795341606,-0.437626371284358,-0.684040574754795,-0.474728683442087,-1.05680190362528,-0.833889002287869,-0.960232068870082,-1.58139006769742,-1.1094819559665,-0.762160379735593,-1.46654863726041,-2.09688486068984,-0.424901626437834,-0.924113721755382,-0.31737342341053,-2.15563582719009,0.0790923857149867,-0.752202966690211,-0.853245742008669,-2.30285488214647,-0.81529581591472,-0.482846513499084,-1.3415810782701
"50",0.437782050426915,-1.01911927945511,0.662386036874915,0.909201531432779,-0.410793998810922,-0.245271673913854,-1.13922622783181,-0.0704937125533416,0.119323380644477,0.793501867393386,-0.193478181830606,0.092869580950424,0.340358862112957,-0.484197999938665,-1.33428802760343,0.322836336220734,-0.338555089879006,0.142562622560201,0.181622460851278,-0.133215001239872,-0.277537084459981,-0.150436114658933,0.0904210352989984,0.141471696392568,0.216164334174495,0.0207419741534291,0.096502134316536,-0.180078808785241,0.152432899919739,0.0389123339746698,-0.000526051656564379,-0.220757920590318,0.49450401124741,0.714646294832378,1.01210405991032,0.478705407886942,2.4964579068662,1.46262566489767,0.739319418530245,2.42360228994682,2.54298866327099
"51",0.253020926750043,0.468896061173555,0.361780574611713,-0.108458522030931,0.591952709251579,0.403571709035103,0.112493126181352,0.405654167614404,0.476716140214252,0.51705827756952,0.0495785500718085,0.637569032285722,-0.0877360961551057,-0.444999891371855,0.0498108428591541,0.197924231752781,0.212576528934616,0.442353310240612,0.182780140048989,-0.898195076699053,0.361378253228249,-0.150227979827156,0.35539732910564,1.44072680944969,0.26938160857997,0.292868236210439,-0.026948206708724,0.74929096417486,-0.244783524406976,-0.0691705943023016,1.18997909096139,-0.248651776452084,0.575423457684443,0.437288289740864,0.541196437764266,-0.334735069815617,-0.389636626688269,0.498264301336618,0.736013553049759,0.553021198189419,-0.257242007622377
"52",0.810933357019836,0.692440799104667,1.52053019779228,0.908014664712103,0.949981558630063,1.03296346601431,0.282684941701094,0.306531692499608,1.1268493602483,1.20134326685013,1.30618053638858,0.730755549995744,1.02733151432542,1.07289362902726,1.38660593892454,0.654443413912237,0.698151820960164,1.50928412297859,1.31469424491817,1.04096518241367,0.674198214775131,0.377319815232857,1.26258923898377,0.628086116587749,1.71883926346681,1.13216482567213,1.16782109813174,0.590838960899443,0.710770542389285,1.21929435462806,0.702707822147467,1.34952140346564,0.0666579117778649,0.451074785774209,0.910998133710674,1.09560475058,1.22494543189076,0.803845017227384,-0.443407277524474,1.05614021930452,0.540217720547512
"53",-1.55303116377968,-0.607466952189069,-1.02967999816937,-0.848626820363145,-1.30463705554886,-1.22012622748684,-0.292434318256121,-1.59572434678687,-1.00751801213508,-0.97886067685768,-0.931926609307705,-1.13913760542031,-0.684884199438526,-1.17992094019202,-1.88436334702226,-1.21639705132658,-1.00038507056258,-0.885665131810753,-1.72105695405225,-1.23423679334656,-1.46695944919666,-1.28532597406394,-1.28579545764773,-1.45488747852931,-1.30922306210355,-1.2414587603221,-1.56958963183904,-1.38354869772709,-2.28841905129104,-1.86631246036055,-1.0237676217197,-0.95743915487065,-1.86920875058091,-1.60296567403875,-1.34162327134012,-1.02622986962377,-0.916758680554014,-0.204950452999175,-1.71658138671706,-1.48535824169365,-1.09642602131158
"54",0.0465146201400321,0.0720470785396947,0.120365662552193,0.276613148500119,0.00873725052040983,-0.263487704771123,-0.961167422212525,-0.617512485010597,0.0273289061833284,-0.793554987654064,-0.788344600149686,-1.05186572243401,-0.481217266555059,1.26090059381962,1.97460202110602,0.652099601317214,1.25585761034761,0.958350634434945,1.65817945773058,1.74186166134056,1.42769251766566,1.67726522145584,0.682792257792081,1.87450667502253,1.55985787557829,1.50810740771736,1.82860546502976,2.34049723924944,1.7393577331094,1.94511877720436,0.89808377343595,1.88687044317514,1.33746671155456,2.00126305031504,1.53421154367736,1.27116810622794,1.63571987575148,-0.118335752964224,1.07202811893564,2.75364520780788,1.02722278498392
"55",2.41774892841867,0.296938570457314,1.04543249472042,0.460629596548696,0.46972312906607,0.246831070786119,-0.773555842900946,-0.664589854244693,0.095292794003024,0.688565849289273,-0.53026152484248,-0.529593431495651,-0.207266239888129,0.0331090658969748,-0.0748893219613685,-0.12567610455737,0.136408387609566,0.272351917196336,0.0287908582386968,-0.30571039640015,0.00473903365406048,0.23415542749938,-0.818410897490199,-0.0542861910934933,-0.678372823601964,0.75543455739889,0.216170362949139,0.490093109257702,1.07142321048983,0.100661434432813,-0.94690241267523,0.45781668950523,-0.161405188294519,0.396537029407006,0.231662683153155,-0.407273537902784,-0.525002782196277,-0.445873667305279,-0.468137284134945,-0.0857347020183824,-0.245069368964721
"56",0.901904887015408,0.52483562310092,0.845957538090817,0.751892479396286,0.450484923225215,0.979395019657291,0.712921394598826,0.18896407573204,0.921119400048066,0.543135076980986,0.846183373488605,0.736628823637477,0.427465184998123,-0.173138365330223,0.376481977681763,0.337049555032984,0.552127465490984,0.739838300615612,0.538432650971912,0.251103710548068,0.0100827304216304,0.511992301829814,0.481062848881945,0.38909888044185,-0.0869841732604722,0.519001837683608,0.0810941373081883,0.556870461968047,0.356217732942805,0.458800801096143,0.618526102031338,0.878598181433052,0.863250385015062,1.20267842446909,1.59520401135635,0.342321333660051,0.433577412382888,0.632276100638795,0.253842408638731,0.530668072997376,0.473556286728239
"57",-0.0739794818012558,-0.0537923000532217,0.968793048207004,1.24335951444372,-0.777870349227542,1.42900168973634,0.57466488542375,-0.998318531199792,-1.23808953320697,-1.06442517492655,-1.03376755565731,-1.2337185824658,-0.751516638612106,-1.23521216662948,-1.07641368426822,-0.889342675402707,0.559628530815587,0.416237436649393,0.620568643910924,-0.00304198131752787,0.70862290913042,0.571537364592091,0.504680057581164,0.968324777855004,0.383826095255906,0.558869392169208,0.817197354043169,0.924971981143775,0.340897294911282,0.511895143301278,0.69082446919775,0.665550189878297,1.10296979560434,0.745629048618545,1.14427261554355,0.234616686413146,0.558923616455116,0.743028192370278,0.615909327327276,0.382581592988687,0.455805394985211
"58",0.499067642466005,0.923595244520516,-0.252429753082605,0.0296059203493364,-0.122667398505293,-0.692467134113209,0.649373473158274,-0.598422182754369,-0.566832491775596,-0.635948197982786,-0.771967697564194,-0.225153414934391,-0.621934187245137,0.626257124038465,0.277837760402149,-0.0805075976891482,-0.32447985398058,-0.144615861355945,0.289656814353973,-0.908029914369116,-0.251179884583881,-0.538330062814782,0.0890171844749239,-0.21801290777119,0.0891521256061401,0.241668631389236,-0.824480602551692,0.434870419057324,0.0376446507024282,-0.0309810673113592,-0.431315528708984,0.0824250578845244,0.809107513329697,-0.572455814120264,0.273815165812494,0.212331907626587,-0.499086444038227,-0.684547681259424,0.445726571616533,-0.790060403992411,0.0941722233670696
"59",0.87879443099229,1.13455932935816,0.716116903302298,0.663635912128085,0.373065986738898,1.07409198876318,-0.323696423892128,0.817105342467702,0.526668701840934,0.374399448505759,-0.181680004272368,0.469518956184604,0.490466484475359,0.224744929799192,0.394315082012034,0.329948728059248,0.502138449078201,0.0646745611009864,0.939209073972136,-0.0497646035083653,0.536301085374977,1.14215981939306,0.910528058141937,0.616461567078261,0.726818456608112,0.814009659799929,0.969062869914134,0.659749045814225,1.52381562900554,0.70948007878106,0.931318905428116,1.04260383547943,1.51956335830325,1.12434606064327,1.64791617796456,0.433657786765756,0.475298166694474,1.24582259051167,1.24971305647064,-0.0569806925633419,0.661163675471755
"60",0.298856761770901,0.831627276149229,1.37407713862758,1.05875252783168,-0.183203227034869,2.38745161887908,1.22487662442869,0.978963234662442,0.000676921661904949,-0.295198091500034,-0.0199532874224108,0.835747702249208,0.0862867866649931,0.344708536736635,-0.422670737899288,-0.667894789677264,-0.129547105734892,0.121704686913304,-0.499234251956159,-0.560833285965676,-0.580746420357721,-1.01061112221016,-0.0743205293636921,-0.0300540685296502,-0.4440909625686,-0.344402541164755,-1.84802436112863,0.0850918902761809,-0.415408487512757,-1.19630662492134,-0.641644300623078,-0.055803413182748,-0.342067375681512,0.0228148575227054,-0.297931572832045,-1.07351430184142,-0.505456616062134,0.13682233336804,-0.972169797045959,0.129829947481041,-0.349364369374037
"61",-0.753885480611161,-2.73569410050123,0.124700435797168,0.264832772598192,0.244144003399365,-0.906129120019581,-0.412309666263688,-0.190964552036456,-1.04105995938811,-1.340169362404,-0.327990582181642,-0.893529591873139,-1.22326733289045,0.398254292693162,-0.0298161806678581,-0.278501937644662,-0.415306496681375,-0.955059905080416,-1.17976789149912,-0.832848552145209,-1.34248885970831,-1.46329513088908,-0.652083959038897,-0.9451384480011,-0.680905579285165,-0.616383830296364,-0.670334856600517,-0.360959573130123,0.113839790330899,-0.331866608453966,-1.25166139999333,-0.635266944385246,-0.818695719073639,0.174828793063282,-0.18498021593392,-0.928389120721869,-0.0595155310511999,-0.397284038992382,-1.15898318893998,0.0116539192143135,-0.495959812898341
"62",0.429549570384345,-0.574827329150221,0.836458730632265,0.0899682248847776,0.416605858871453,0.54589907031668,0.932668571375002,-0.631983437346088,-0.0824247093583302,0.353489243308395,0.631373092743534,-0.0094305557384792,0.367371874514993,-0.958504110867578,-0.372155569462737,-0.576397434508086,-0.625300154267782,-0.126990642376544,-1.03029266113416,-1.05580963670951,-1.04395024064939,-1.19913040239718,-0.66718826247687,-0.686725640158332,-0.801662351796944,-1.10682723693194,-0.792157244900242,-0.640862392268514,-1.65924281818518,-1.30526965220714,-0.669359172832014,-0.348409109637614,-1.20594130579472,-0.697222374479073,-0.0560145267565471,-0.426282046318637,-0.916521493297805,-1.00151888253758,-1.37847666072094,-0.599651943499831,-0.914548781746842
"63",0.998693413894356,0.727719184019518,0.927821656477568,0.975839755603403,0.761087988962356,1.17718620620629,0.889077434578756,0.974105175318427,1.02276327328764,0.813418792928128,1.42098355682613,0.693424219142157,0.673567216536317,0.931456536448013,1.0834072838123,0.610735934960978,0.642705429112302,1.04689371247304,1.23780280797251,0.817849803475699,0.568282980655563,0.502963875349158,-0.0309747128394527,0.812616217079419,1.46293880361429,1.14883671209338,1.08979447507453,0.683467296474056,1.08703271338987,0.82049441375668,0.702385034894306,1.17652597206128,0.784487940433025,0.602111870660016,0.933107687611468,0.71877664119532,0.423678474853337,0.670570731367556,0.612512817148132,0.3174553320502,0.965023953632948
"64",-0.146741536096714,-0.60124779556845,0.386507628948262,0.464583889086362,-0.400912400605494,-0.178393588942318,-0.0790352572533358,-0.415964312491317,-0.0110895047714824,0.790967335954525,0.374519794901683,-0.271642089339242,0.0615611871225188,0.24588251734157,-0.190074909655982,-0.170489955572398,-0.402791156826945,0.29547472969378,0.329751552614241,0.264824480592124,-0.319460192021376,-0.458697676176742,0.0959935980771906,-0.099428290385814,0.0222085700135308,0.197023010903923,-0.278513494043521,0.0803801788910131,0.15384282856415,0.210457170780819,-0.324670206789516,0.162305129631708,-0.847299901308356,-0.356835999153119,0.251834416595024,0.0284353341682869,0.0334812356078329,-0.07737572277715,-1.18185231320741,0.022509247841746,-0.535814205129885
"65",0.564256515262345,0.720810226576541,0.0621780920180486,0.512041189132114,0.351865199327948,-0.531971726250576,0.325597314146461,-0.576383496540353,-0.124824990510565,0.722637651669904,-0.345322758333971,-0.0760809849927463,0.0402410632274626,1.81293712386365,1.77426365924685,0.659651458017295,0.108990388737721,1.31197647920769,1.04902706112247,0.646200170067408,0.71432198652703,0.945009881515007,1.34472220151589,0.443887638496757,0.338636401750361,1.11743195212814,0.771011732274284,1.33652213568377,1.51909620258073,1.30434576884313,0.926865636842835,0.0384615188158698,1.86484835228849,1.11690602200852,0.96677516175689,0.432784991847723,1.06520707566819,0.879360355602185,-0.0223349256421379,1.05388444299176,0.814453022698506
"66",0.755593120872581,0.126995736111134,0.818654202642321,0.111760255795136,0.162505516537343,-0.613191111775201,0.583494385627406,0.296512348327955,0.404504924183971,-0.00552360591178682,-0.217486292794855,-0.363055989249949,-0.074945047563749,0.409626842630832,-0.819077563397713,-0.428567623004921,-0.46909804229126,-0.00207346654681683,-0.65294981891738,-0.272845694807744,-0.82419513858261,-0.527803065545328,-0.0188420584169939,-0.185383632275888,-0.0832967789569875,-0.266715174764862,-0.237600904335123,0.00455699700565922,0.409877611392833,-0.213818251400064,-0.105850336854761,0.631208997075084,0.61461607513346,0.0741517384739665,0.00320687652674903,-0.188500254956053,-0.1302796228578,0.035533703596806,0.634555475045435,-0.280659474158237,-0.339815866674851
"67",-0.426949251564092,0.669951102451935,0.220812765371747,0.42362251323865,2.22025757342005,3.05400719778508,3.52744003009018,3.07140616824136,2.12615941434477,3.03645952622032,3.68301097223914,2.95825071151973,0.636127499328255,4.51241818897344,3.24097967804032,0.493220718005079,2.07107284725289,3.6671587102258,1.94296405323888,1.9528506454291,1.60876189982829,1.77890902285896,2.70488668187091,2.4981936614409,2.34156782488209,2.5175804656624,1.93211475549779,2.69111304078544,2.72370620038,2.79505070001075,2.5872748985463,3.20120265544236,2.53653129199663,2.85904236835407,2.96374993819284,1.46696363753862,2.39661175311459,0.0598587083620055,2.47289394833253,1.98555337331348,1.41639105187887
"68",-1.17898134412754,-0.469008598234773,0.0034480602574061,-0.557279409446667,-0.811695442588128,-0.145020524836343,0.12272466422453,-0.438383643461372,-0.56931983335892,-1.23685672772781,-0.817980041033523,-0.240603551673226,-0.836525311587943,-0.997066412317619,-1.3671136177003,-0.410954333947918,-0.0545726239913343,-0.759292904283436,-1.29698291026738,-1.64033958485459,-1.20930967380864,-0.470126591050564,-0.0989538272743883,-0.212322030502409,0.982424865878214,-0.772060590024072,-0.517570403871008,-0.642390676227466,-0.433885041965867,-0.182473186700886,-0.146467732877562,-0.801936686714975,-0.492924685219923,-1.2257907344313,-0.351983538155182,-0.677655754520335,-1.41409679181862,-0.50565969852074,-0.153082971803565,-0.535072018259033,-0.901145260952977
"69",0.0623494541836431,-0.418417729985528,-2.26396120143099,-1.72021194952109,0.471553236380184,0.200106381823942,-0.0850439908512868,-0.372822422938295,0.180498179777565,0.0684205467500574,0.537026102823427,-0.454694420748568,-0.454173481782715,-0.363820518557288,0.0997638678325775,-0.100260386730095,-0.34495292437829,0.15208959001003,-0.257750448145199,-0.200115898743313,-0.0923518987331126,-0.134511487418719,-0.0791428338376255,0.073139716367107,0.36162527628357,-0.136457001291002,0.259160373812344,0.319809740497718,0.584036245034187,-0.267450130999824,-0.0718261693548668,-0.272354863301911,-0.399573257648188,0.243773560659626,-1.1360015449582,0.142534629608619,1.36849212745987,0.629093147887605,2.24454928832963,3.73689717495237,4.22154001352075
"70",0.782793561665254,1.77155206653732,-0.440616271862911,0.607835807475046,0.22799686353141,-1.40034317287292,0.464282223772502,-0.3671837192641,-0.532395951018209,-0.462708161735204,-0.548351331754715,-0.402103214133273,-0.932191482147116,-0.467828965772051,-0.126373290834372,0.286518805862662,-0.9082652966485,-0.521368907922353,-1.15182205412181,-0.729294168984719,-0.531437062911678,-0.747783081860124,-0.022071574397259,-0.164023596575061,-1.04901770172448,-0.859032264188264,-0.0247282711739034,-0.372606768457918,0.743428973248934,0.17530060037416,-0.591920119781921,0.440884827042257,1.03498704748483,-0.0808111801753466,-0.766688616783332,-0.309678399631084,0.163634112035486,-0.530062336279871,1.30399856688488,-0.654104670441998,-0.298201574878346
"71",0.0306447790941139,1.06527814358885,-0.409871339509142,0.77602350618544,0.0299135056617336,2.60665578868803,1.0531102981606,0.108951257691576,-0.46756446775382,-0.385311913088279,0.00731043977824397,0.253767735103903,0.307258049118324,0.483308490011809,-0.03163417654861,-0.0275335780867129,0.112087573636668,-0.00568146804129268,-0.423904335788807,-0.944626253961841,-0.379834756295891,-0.845435319711604,0.159835856327882,-0.547196995530123,-0.262944041777636,-0.13639055536686,-1.19400394595893,0.349547698696648,0.417269413030684,0.117038045989468,-0.201538824791919,0.395625738191972,7.77461453463727e-05,0.174066972426858,-0.203214128916863,-0.916235780431069,-0.195026903246683,0.0930933930640755,-0.759613310732927,0.0639412912571023,-0.0314615592674153
"72",-0.459447418705917,-1.62986673772648,-0.57900779999093,-0.643110136929682,-0.755050432021264,-0.345684769923583,-0.453851157265967,-1.49115671617891,-1.23532876987009,-0.916966777467177,-0.827576697325658,-0.718105425726868,-1.38818159409938,-1.10365407708154,-0.827862550071477,-1.03106623830305,-0.819667722787385,-0.976846176878264,-0.813752805618077,-0.87962832040037,-0.941114184870483,-1.05262198169981,-1.32740019157716,-1.06430735247339,-0.60888278996564,-0.70835707038693,-0.883788509926406,-0.752707704655106,-1.40138515689991,-1.09794269769883,-1.05088175098525,-0.680131894147035,-1.32431608000939,-0.608556282343051,-0.817002946206464,-0.556043405338343,-0.827682764456808,-0.785009088350877,-1.05142525592005,-0.49986477530167,-0.877899920865766
"73",1.21427236860231,0.0869818138047027,1.53164819465198,-0.188117542566432,-0.00361229400941218,-0.256086130165305,-0.40846964040322,-0.430190103797496,-0.121201488630909,0.749773179403932,-0.844502607708183,-0.163311506897068,-1.06195343900755,-0.283630845499955,-0.198973521072294,0.114869227871596,0.314046636237048,1.85144512601949,1.25648721176813,0.399883489014122,0.705457542132219,1.01829184317459,0.248664022907522,-0.384736069712158,-0.689370315384287,-0.399027131348585,-0.448544112043857,-0.0989985688754607,-0.719481132062921,-0.804926595693656,-0.101140033975296,-0.297383911900073,-1.02566695371663,-1.25341901993128,-0.979682111201875,-0.768264147543661,-0.478373703848034,0.662281252793316,0.465988327787252,-0.86889359939505,-1.11465879031644
"74",-0.857366179431163,-1.29266910239743,-0.553520316623883,-0.727997160629916,-1.04317703232689,-0.739568199741929,-0.593716671771161,-0.731389783126403,-0.658319277786573,-0.696642205274385,-0.899375937021623,-0.546646014725067,-0.252185694572387,-0.686060761332299,-0.846341521359383,-0.551490570731046,-0.123117621170947,0.504264772381405,-0.165943795489492,1.18752769358398,0.293650497732252,0.620319543942234,-0.3973709901243,0.624213240694114,0.982066124167668,1.45771723506298,0.859781747055568,1.41747342663452,0.919811636592977,1.84362982150125,2.49010637127798,1.44974099854508,-0.443743980363537,1.43441934709733,1.46154040136313,-0.15232531785085,-0.480411578028934,-0.604975300127685,0.68001645744321,0.717102750322965,1.09101390641749
"75",-0.0152143939282821,0.18429847585411,0.889052886767507,0.957370951510936,-0.978804356827781,0.5056462606087,-0.318984018931512,0.130989943905592,0.853905431115552,0.67916562509198,0.506270686033643,0.288285330637376,0.665848480317394,-0.099828605130752,-0.55027730402917,0.0810998227196262,-0.196622635626683,-0.00263310181512058,0.249750535497984,0.0478808766010819,0.0407989511695534,0.119977284004773,0.211701443581011,0.256461763827735,0.246992597234888,0.0839562101673384,0.426384554790882,0.213006571203825,-1.09851596608808,-0.634932087141526,0.39163655076755,-0.15859586064543,-0.189568407095827,0.084970820254145,0.281108731005671,0.404017846785523,0.162980636941848,-0.103512164067418,-0.528293371797589,0.201962440249999,-0.168885621427883
"76",0.336121715726886,1.03609847388119,0.944931309663781,1.98398171692667,0.162245474479306,0.217179787103896,0.423244798755385,-0.339499877769855,0.477320057194194,0.363857081027157,0.414388741122213,0.430025031615852,0.728229203660086,0.349830982752864,0.271092038844622,0.46602092703804,0.483605075500415,0.726242455567998,0.533031942900728,-0.681394337868819,-0.765893824755256,-0.858418307996031,-0.707278199625087,-0.364021513326937,-1.56579395728398,-0.220088257632385,-0.353843306525102,-0.550508573054685,-0.620691738425697,-0.905508372418427,-0.137955713460863,-0.635394674645407,-0.135494601972321,-1.04615465710555,-0.805387523871067,-0.470864761604086,-0.654158504036602,-0.550755842106719,-0.132367992139554,-0.827128424456713,-0.331660617797928
"77",0.565510932845019,1.79535019490865,1.12976800745629,1.26280097028776,0.204200561994009,0.874665738002224,1.878254075857,0.611060400542343,0.546843510841214,1.19255261350522,0.314337560190934,2.04063738152602,0.855862738240881,-0.587707398548567,-0.00196017799502125,0.111897057623631,-0.0507881805454678,0.354361527807999,1.06328266891754,-0.669525100308843,-0.576614087461898,0.0250955520251735,0.809726515989205,0.235918940471437,0.0199679045755282,0.822532859705866,0.477185449943271,-0.109801626110303,0.734762926476386,0.554907612860621,0.734645827585263,0.770489722190347,0.806870819287941,0.0135132733005645,1.13896517256554,0.0241678494685582,0.0727478279010909,0.110692361493933,0.173659174613661,0.316397877415823,0.383162397763596
"78",0.963429693570264,0.622716169949556,0.874571958074655,0.462395422645311,0.110570701738708,0.199890452580985,-0.180043181763336,0.460067012909782,0.0897181757266306,0.0589112414528643,-0.308802759675341,-0.303785558766832,-0.322995995888115,0.394247508221452,0.604969374444553,0.501262924971751,0.586418049832025,0.719507080515354,1.30434243906887,-1.22122463450011,0.867753854015779,0.956716309497866,0.602334469365372,0.944477574149091,0.667755456624226,0.518488391906142,0.899340450153841,-0.788192547827025,0.256667331794581,0.181386823519854,0.494403643615702,0.787952273472321,1.14944627892331,0.555339769812487,1.31242022937112,0.356987797006293,0.0187369012728644,0.796638087624077,-0.193953066816343,-0.611920701589056,-0.29884058602991
"79",-1.68461081645157,-0.846964702789622,-1.10449703717866,-1.41141817677005,0.172509776090902,0.813131501924915,0.781795112554784,-0.650893094633348,0.443747914092165,1.81529661283618,1.11655873337138,1.02823036035089,1.31164770105776,-0.924716360973647,-0.543053162503024,-0.395465125055154,-0.250427745549994,0.87704111657069,0.160346740246828,0.280402497726692,-0.116994770790717,0.211181967289637,-1.19742865049384,0.453291502287417,-0.404735232618171,0.628347666668203,0.595993110973487,0.126825683581042,-0.479928946022868,0.53428757008292,0.711148111063464,0.541962039582781,-0.373572353514327,-0.256287962574811,0.226084980348534,0.361882465993854,0.328774529032132,0.979515543662019,-0.0206990554334072,-0.18743023794105,0.132413374330731
"80",-0.149192026258216,0.593082107636694,-1.69135158604307,0.940303229108243,-1.1973476275657,-1.90177885929627,0.475337180864288,-0.402841745817047,-0.508531275634982,0.170802783809445,-0.618832952737801,-0.157051802575084,-0.563215375969097,0.00566739081003485,0.00256687095803532,-0.167722097935513,-0.104991176995942,-0.376113928048035,-0.734768123146323,-0.896686420600915,-0.307913273243905,-0.839006266018924,0.00154563430195911,-0.443782622518629,-0.269454321672305,-0.0659276730828413,-0.877095815388095,0.04096716835585,0.0978350354677805,-0.25065377991588,-0.723121183108551,0.931186554259226,0.612745965150804,-0.267881152421033,-0.629149365872257,-0.272323654320098,-0.418118459658379,-0.458954826782735,0.511086731390393,-0.869693115050206,-0.304937380951386
"81",-0.392689065306139,0.662702719207481,-0.116765280788097,0.660746904842147,0.23213791064431,-0.572686384617104,-0.0973396401582051,0.312157492961734,0.679864521236486,-0.637051842052366,-0.207038674417319,-0.323784232778711,0.046498111856755,-0.834881613918543,0.788497254656381,-0.776596808681286,-0.033832788762912,-1.29818216399394,0.273698341227384,-0.0787262289074803,-0.0832088170344689,-0.142790628504976,-0.220717564478618,-0.469435983942521,-1.35236616355549,-0.173666718810895,-0.502584468680392,-0.745824456980607,0.465590440337652,-0.0807838392234615,-0.55272537868972,-0.538769774030486,0.206762088916003,-0.137075320404122,-0.441905307700204,0.0572419523674836,-0.0187677285456962,1.33005438892733,-0.0821828213293429,-0.545917828842952,-0.831534947803127
"82",0.426153891160549,0.974678827642874,-0.240230111481248,0.374850975409516,-0.237973972202292,-0.383808277374622,0.469717902221759,0.920311684202366,-0.173071984402683,-0.311909316004764,-0.0947885402359682,-0.803350615695956,-0.58389440881607,0.267391992065453,-0.0834410789004317,-0.273066451198969,-0.416898042790031,-0.76874086440127,-0.757039986316245,-0.362496440518343,-0.276871188530483,-0.650787625033363,-0.603708500917841,-0.631013076844393,-0.270407045559329,-0.734035399798792,-0.328218124734271,-0.590291714861157,0.0139118350686917,-0.404143047056218,-0.683513991637311,-0.480105090256666,0.0905761934310406,0.358101949556469,-0.647348777600738,0.0772899200575761,-0.123454438546472,-0.386937286078958,-0.117502261559564,-0.122536217264299,-0.210190883241255
"83",-0.467137290212726,-0.703289045790036,0.476493916031457,-0.269635022698698,-0.0676660500033838,-0.232201956680403,-0.909453367774604,-0.785454241695915,-0.060988974795532,-0.434058331673148,-0.30095194817777,-0.666989037120604,-0.543926228514369,0.276611195258596,0.740924369026836,0.0818977983893132,0.0813960537913377,0.462260524325826,0.0661843450376382,0.745142865836997,1.17278897265355,-0.0206663596549548,0.198557093846367,1.1607249885342,1.32807544449545,1.15758341192598,0.977328703954898,0.958639599170753,0.459455185985406,0.833783908790046,0.800942742859565,-0.197705649827977,-0.773637756679018,0.890460981546384,-0.207285276943329,0.70448297969849,0.279415376959357,0.474392155702686,0.358291761698785,0.810094035452308,-0.0837504799728294
"84",-0.0229392724373982,0.414379897768514,1.11359577971285,-0.845294330195237,0.0285200727469662,1.77650981610368,1.20225485516085,-0.274080592579538,0.545595858179355,1.87242302650751,0.767647808123046,0.951298747860595,0.137748447276731,-0.574230686945215,-0.515621757552337,0.0862616073655722,1.23436721644295,1.23621503176803,1.24652713225201,0.342343116846859,0.588661285164679,1.05851736832944,0.969318430680642,1.4060781904074,1.45800463484136,0.895436119567487,1.32494868341858,1.12216837072231,-0.159013848419182,1.20438006142454,0.715332390271111,1.31948654514784,0.815860097954572,0.950755398690434,0.712098401739685,-0.0620984984851567,-0.296301021091795,0.755548669113784,0.261067324325922,0.484854160299376,-0.252213723151056
"85",-2.40427310088166,-0.970630661331142,-2.18188730951858,-2.2489523891915,-2.48500230215887,-2.54256688187601,-2.63310867312683,-2.16723341575127,-3.19624720374376,-1.550615036867,-2.7880121695166,4.50543879657038,4.78184277196202,-1.4584944300418,-1.15010830018436,-0.780698480722575,-1.13370418578936,-1.34505326370046,-1.582882557251,-0.0513132618515303,-0.863671905069678,-0.768018412727373,-1.22215531876451,-0.883993593933195,-0.647244628947507,-1.28678696166452,-1.23994290822395,-1.43164188356036,-0.849365646556576,-0.55982579172626,-0.646662446901392,-1.65696913062423,-0.991144298411806,-1.39007981216199,-0.616711663638858,-1.43350053944094,-1.42819733217245,-0.336031606780438,-0.995929372176675,-1.97660350352534,-1.01590014062191
"86",-0.125988218228945,0.87286751102874,-0.591502435612739,-0.392171774616271,0.0636159376741878,-0.486908492852266,-0.138276919615356,-0.162648453150825,-0.107118941032687,-0.519592030372637,-0.575274674121209,-0.553907838976263,0.206216971212021,-0.0933385739954364,0.296938677649259,-0.58117372366143,-1.14432504320196,-1.51994916096187,-0.833157393565761,-0.867324772751536,-0.403292239145666,-0.150292732885931,-0.699292287660282,-0.858375763480804,-0.892365194448689,-0.732688359700263,-0.961837058272853,-0.707318865046071,-0.879404795750458,-1.06766322979957,-1.00406564419341,-0.488383227593749,0.466702063692753,-1.63882039366914,-0.75571721786455,-0.630573073891776,0.041051865581533,-0.364660929764728,0.346481290667696,-0.148196862577371,-0.152695592989494
"87",-0.122510855999766,-0.672384874026483,0.76420486188957,0.334227711837352,-0.164102401903921,-0.00956691112224429,-0.517300045874997,-0.89278961129269,0.331802610829341,-0.0601523832221631,0.423765794295536,-0.209141062916873,0.0522474163759655,0.207806068499625,-0.553375073325978,0.197800873195148,-0.54197457689159,-0.0541656341093951,0.175672528230483,-0.174480174287822,-0.426168834056942,0.043434543314006,-0.11340426357384,0.334943758045383,0.0134399816459142,0.138399584194416,0.176463664148544,-0.16461687341928,-1.23162148911666,-1.0262308764607,0.0790469837894285,0.0672920632521486,-0.86558128895131,-0.475311395546623,0.0676034679792817,0.352930835703878,0.110812026022055,-0.413996697408189,-1.00294100621996,0.280581479673579,-0.285856088941988
"88",0.679423718352558,0.801642838815487,0.529061850475992,0.76236006491327,0.269230702319103,0.316318300776724,0.0563615398204934,0.0119384577500781,0.0286628326994654,0.682977047053203,0.00980293517677345,0.28089321897793,0.206345189421637,-0.443584320809993,-0.306486448520182,-0.044513883544863,-0.201139551997556,0.379367348384677,0.108015602094473,-0.292509655541437,-0.212959347297143,-0.378279002396431,0.285858380421733,-0.167588537382352,0.0816126686730184,0.0163867458528053,-0.133872360974764,0.129076320504967,0.0619437975071411,-0.245352875885759,0.155147067493074,0.402608325747425,-0.0891721902144268,0.000107687585431368,0.824445986684733,-0.222907672704637,0.333682853068789,0.113743769449851,-0.271406295799464,-0.130288663706249,0.0396729526128039
"89",1.18951074897037,1.17439806415415,0.673648253033502,0.833572068153816,1.67441457423741,0.452947529258034,0.97181992167943,2.32495535004415,-0.0533836027184525,0.303188739876711,0.527934533704562,0.649250583583212,0.393651478758021,0.304982588299301,0.0780316407580628,0.385849429441521,0.510082615308054,0.477329856115162,0.63885189840315,-0.691686344053469,-0.00957300616398694,-0.297013913633559,0.583045251469639,0.350245763105249,-1.38671127158157,0.306749393817698,0.0863890946579086,0.372288384910079,1.13943014527126,0.472286625908403,0.658408260421938,0.38162406872102,2.18122633372931,2.03316121760788,0.767725924349901,-0.268345639291677,0.228817042486794,1.03667067897202,0.24843038692471,0.124431313200041,1.13827454265158
