,dataset,scaling,method,k1,k2,ObjVal_Train,ObjVal_Test,Time_Elapsed,N_Iter
0,6,False,greedy_CCA,2,2,0.813352340756676,0.812401933108962,0.094497442245483,-1
1,6,False,greedy_CCA,2,2,0.853882489867294,0.728848503518811,0.072868585586548,-1
2,6,False,greedy_CCA,2,2,0.826045898173278,0.812247637607835,0.071790456771851,-1
3,6,False,greedy_CCA,2,2,0.8185989186221,0.842581669460797,0.071984529495239,-1
4,6,False,greedy_CCA,2,2,0.796717273712569,0.796187316911127,0.0721116065979,-1
5,6,False,CCA_without,2,2,0.831750588808489,0.789197207843039,1000.12748193741,-1
6,6,False,CCA_without,2,2,0.873447611966975,0.709917852637967,1000.12379670143,-1
7,6,False,CCA_without,2,2,0.833980685912328,0.784298951913483,1000.19775271416,-1
8,6,False,CCA_without,2,2,0.826407542556629,0.823972682960986,1000.20472145081,-1
9,6,False,CCA_without,2,2,0.816063089176664,0.784303101926584,1000.21947574615,-1
10,6,False,CCA_with,2,2,0.833766546056679,0.788945351699554,100.271780490875,3
11,6,False,CCA_with,2,2,0.873486463103423,0.709771523131579,100.207250833511,3
12,6,False,CCA_with,2,2,0.833926747738775,0.786469229140632,100.459922790527,7
13,6,False,CCA_with,2,2,0.826391028285187,0.823716423821493,100.24647808075,3
14,6,False,CCA_with,2,2,0.818488268834221,0.789432191544772,100.204409599304,3
15,6,False,multistart_CCA,2,2,0.833767072234135,0.788273837839179,19.6084680557251,-1
16,6,False,multistart_CCA,2,2,0.873485765735901,0.709798975655806,14.0499086380005,-1
17,6,False,multistart_CCA,2,2,0.8340116541083,0.783701915913317,8.20669841766357,-1
18,6,False,multistart_CCA,2,2,0.826420812735155,0.823112467386059,17.4639308452606,-1
19,6,False,multistart_CCA,2,2,0.818488268834221,0.789432191544772,38.6977128982544,-1
20,6,False,benders_CCA_without,2,2,0.833752631477352,0.789856405021115,1000.48984527588,1894
21,6,False,benders_CCA_without,2,2,0.873504235715249,0.709339529670998,1000.94943022728,1964
22,6,False,benders_CCA_without,2,2,0.833993418858304,0.783608127320749,1000.67093539238,1724
23,6,False,benders_CCA_without,2,2,0.826397902329575,0.823893945526367,1000.55538725853,1905
24,6,False,benders_CCA_without,2,2,0.81841990812954,0.788869426615582,1002.28707456589,1891
25,6,False,benders_CCA_with,2,2,0.833037834669056,0.80373838923554,1000.65068507195,1756
26,6,False,benders_CCA_with,2,2,0.873504235715249,0.709339529670998,1000.84172296524,1797
27,6,False,benders_CCA_with,2,2,0.833993418858304,0.783608127320749,1000.99036598206,1674
28,6,False,benders_CCA_with,2,2,0.826397902329575,0.823893945526367,1000.48095297813,1122
29,6,False,benders_CCA_with,2,2,0.81841990812954,0.788869426615582,1000.78667807579,1699
30,6,False,kernelsearch_CCA_without,2,2,0.826712896991412,0.785212866644611,310.115942239761,-1
31,6,False,kernelsearch_CCA_without,2,2,0.873343195461536,0.701289741937229,150.453478574753,-1
32,6,False,kernelsearch_CCA_without,2,2,0.83391079934593,0.785585761314039,71.9811372756958,-1
33,6,False,kernelsearch_CCA_without,2,2,0.826390859334346,0.823568018261657,241.053337574005,-1
34,6,False,kernelsearch_CCA_without,2,2,0.808262288858192,0.839448227691856,322.803287744522,-1
35,6,False,kernelsearch_CCA_with,2,2,0.826712896991412,0.785212866644611,310.492408275604,-1
36,6,False,kernelsearch_CCA_with,2,2,0.873343195461536,0.701289741937229,151.979478120804,-1
37,6,False,kernelsearch_CCA_with,2,2,0.83391079934593,0.785585761314039,71.8521785736084,-1
38,6,False,kernelsearch_CCA_with,2,2,0.826390859334346,0.823568018261657,239.155057191849,-1
39,6,False,kernelsearch_CCA_with,2,2,0.808262288858192,0.839448227691856,322.566244363785,-1
40,6,False,combined_CCA,2,2,0.833724778479537,0.786659440994019,1.85848188400269,-1
41,6,False,combined_CCA,2,2,0.873460067625542,0.709825247642902,2.82504081726074,-1
42,6,False,combined_CCA,2,2,0.833120817312339,0.78850055663909,9.43993878364563,-1
43,6,False,combined_CCA,2,2,0.826400993114049,0.822901425625518,2.17371106147766,-1
44,6,False,combined_CCA,2,2,0.809571970712935,0.850810994302776,2.87221336364746,-1
45,6,False,greedy_CCA,3,3,0.845814499051422,0.81933834959617,0.141853809356689,-1
46,6,False,greedy_CCA,3,3,0.873308988821417,0.757379036298377,0.14076566696167,-1
47,6,False,greedy_CCA,3,3,0.844636223507344,0.820663873046799,0.156950950622559,-1
48,6,False,greedy_CCA,3,3,0.825351904433735,0.849466003667156,0.158384561538696,-1
49,6,False,greedy_CCA,3,3,0.848158555075915,0.847667951511806,0.142305374145508,-1
50,6,False,CCA_without,3,3,0.846073513901623,0.747271642415743,1000.18263411522,-1
51,6,False,CCA_without,3,3,0.886746836872044,0.724690948062368,1000.15267896652,-1
52,6,False,CCA_without,3,3,0.843850250927125,0.818662596615049,1000.12953495979,-1
53,6,False,CCA_without,3,3,0.838634935197207,0.837639177664228,1000.20900559425,-1
54,6,False,CCA_without,3,3,0.859821405234512,0.834854482114347,1000.13686871529,-1
55,6,False,CCA_with,3,3,0.872368134430399,0.80631106585371,100.429798841476,5
56,6,False,CCA_with,3,3,0.907567758779261,0.746312063535777,100.264556407928,3
57,6,False,CCA_with,3,3,0.867188515817122,0.835942556263744,100.288083314896,3
58,6,False,CCA_with,3,3,0.867620382529133,0.857442558655564,100.447838068008,5
59,6,False,CCA_with,3,3,0.877637626990357,0.771051984179254,100.498193979263,5
60,6,False,multistart_CCA,3,3,0.872368703508982,0.806441470831697,104.669352769852,-1
61,6,False,multistart_CCA,3,3,0.907570711920036,0.746309006880919,104.700040817261,-1
62,6,False,multistart_CCA,3,3,0.868371095370765,0.825323969297944,106.059991359711,-1
63,6,False,multistart_CCA,3,3,0.867621842549915,0.857439216574193,104.929867506027,-1
64,6,False,multistart_CCA,3,3,0.877642724747919,0.769854051731117,105.766156673431,-1
65,6,False,benders_CCA_without,3,3,0.862455362404222,0.815561896681716,1101.47934794426,10
66,6,False,benders_CCA_without,3,3,0.876966892679995,0.792566961989378,1101.48751115799,10
67,6,False,benders_CCA_without,3,3,0.821499023515838,0.787432203872632,1181.38177061081,11
68,6,False,benders_CCA_without,3,3,0.849277409126901,0.87583119062486,1102.13638758659,10
69,6,False,benders_CCA_without,3,3,0.876630789287096,0.777840325805667,1102.13577032089,10
70,6,False,benders_CCA_with,3,3,0.872334772093911,0.807385949034419,1101.95573139191,9
71,6,False,benders_CCA_with,3,3,0.904038929199714,0.747163586821164,1103.36892318726,9
72,6,False,benders_CCA_with,3,3,0.86247458350755,0.834543493622513,1102.17011857033,9
73,6,False,benders_CCA_with,3,3,0.851727053407327,0.857480284053923,1102.16597938538,9
74,6,False,benders_CCA_with,3,3,0.874872356068515,0.781295713083696,1102.42529988289,9
75,6,False,kernelsearch_CCA_without,3,3,0.862025810257452,0.790806944757264,891.236673355103,-1
76,6,False,kernelsearch_CCA_without,3,3,0.887502012412987,0.70326451090034,890.137045860291,-1
77,6,False,kernelsearch_CCA_without,3,3,0.830301086583481,0.774227687411603,891.583111286163,-1
78,6,False,kernelsearch_CCA_without,3,3,0.835147821466526,0.858768442516938,890.93861246109,-1
79,6,False,kernelsearch_CCA_without,3,3,0.81972347556278,0.828507768779587,891.634446620941,-1
80,6,False,kernelsearch_CCA_with,3,3,0.862025810257452,0.790806944757264,891.18500995636,-1
81,6,False,kernelsearch_CCA_with,3,3,0.887502012412987,0.70326451090034,890.104824781418,-1
82,6,False,kernelsearch_CCA_with,3,3,0.830301086583481,0.774227687411603,891.820135831833,-1
83,6,False,kernelsearch_CCA_with,3,3,0.849112743003847,0.835124210269695,890.869008541107,-1
84,6,False,kernelsearch_CCA_with,3,3,0.81972347556278,0.828507768779587,891.546796321869,-1
85,6,False,combined_CCA,3,3,0.867973369800255,0.809545789049606,1.79494452476501,-1
86,6,False,combined_CCA,3,3,0.907281085103003,0.745094895506833,0.933222055435181,-1
87,6,False,combined_CCA,3,3,0.867689034023484,0.83424200626786,2.50339365005493,-1
88,6,False,combined_CCA,3,3,0.8651280109271,0.852963959546947,1.80615544319153,-1
89,6,False,combined_CCA,3,3,0.87268792921017,0.771282426156296,1.58686900138855,-1
90,6,True,greedy_CCA,2,2,0.489560948621714,0.255025088055857,0.076886892318726,-1
91,6,True,greedy_CCA,2,2,0.492522236166996,0.146496993511175,0.074445247650146,-1
92,6,True,greedy_CCA,2,2,0.447327824660335,-0.030775545545286,0.074901342391968,-1
93,6,True,greedy_CCA,2,2,0.427578623628692,0.380621288527231,0.075793504714966,-1
94,6,True,greedy_CCA,2,2,0.428427864466909,0.050596889859065,0.074810028076172,-1
95,6,True,CCA_without,2,2,0.489940906184882,0.249064407466802,5.24466848373413,-1
96,6,True,CCA_without,2,2,0.492844132066201,0.158304105333977,6.49070453643799,-1
97,6,True,CCA_without,2,2,0.459053303142327,-0.113971167274666,6.92706632614136,-1
98,6,True,CCA_without,2,2,0.432945116408917,0.413540384843962,9.76207852363586,-1
99,6,True,CCA_without,2,2,0.49901033198693,-0.268494186391233,10.6146032810211,-1
100,6,True,CCA_with,2,2,0.489940906184882,0.249064407466802,5.47274255752564,1
101,6,True,CCA_with,2,2,0.492844132066201,0.158304105333977,6.61466860771179,1
102,6,True,CCA_with,2,2,0.459053303142327,-0.113971167274666,6.74268555641174,1
103,6,True,CCA_with,2,2,0.432945116408917,0.413540384843962,10.1988813877106,1
104,6,True,CCA_with,2,2,0.49901033198693,-0.268494186391233,10.1930849552155,1
105,6,True,multistart_CCA,2,2,0.489938494784351,0.248940109018387,3.70160388946533,-1
106,6,True,multistart_CCA,2,2,0.492844598723125,0.157569705277898,3.8330192565918,-1
107,6,True,multistart_CCA,2,2,0.459050131815676,-0.113384562270292,4.15301060676575,-1
108,6,True,multistart_CCA,2,2,0.432948154697219,0.413442211607667,4.59998679161072,-1
109,6,True,multistart_CCA,2,2,0.499011264287486,-0.268949274805771,4.05687022209168,-1
110,6,True,benders_CCA_without,2,2,0.48993883335753,0.248885836226011,101.604033231735,507
111,6,True,benders_CCA_without,2,2,0.483532850313113,0.167191625827849,149.165383338928,666
112,6,True,benders_CCA_without,2,2,0.459049271888066,-0.115537313299842,150.709096193314,711
113,6,True,benders_CCA_without,2,2,0.432951363882587,0.413522210460395,284.075704097748,943
114,6,True,benders_CCA_without,2,2,0.499005648152482,-0.268797890225554,188.364298343658,814
115,6,True,benders_CCA_with,2,2,0.489940906184882,0.249064407466802,100.9058406353,518
116,6,True,benders_CCA_with,2,2,0.492844132066201,0.158304105333977,146.801740646362,665
117,6,True,benders_CCA_with,2,2,0.459053303142327,-0.113971167274666,163.042182683945,699
118,6,True,benders_CCA_with,2,2,0.432951363882587,0.413522210460395,287.466524124145,907
119,6,True,benders_CCA_with,2,2,0.49901033198693,-0.268494186391233,1000.05220270157,2975
120,6,True,kernelsearch_CCA_without,2,2,0.488300665463053,0.321626891023094,1.45967650413513,-1
121,6,True,kernelsearch_CCA_without,2,2,0.483540508796162,0.169178878396063,1.93242144584656,-1
122,6,True,kernelsearch_CCA_without,2,2,0.459049189014351,-0.116423727136877,1.05505466461182,-1
123,6,True,kernelsearch_CCA_without,2,2,0.427728737105413,0.382933765244355,3.20823073387146,-1
124,6,True,kernelsearch_CCA_without,2,2,0.4495430081136,-0.281512596002882,2.55299305915833,-1
125,6,True,kernelsearch_CCA_with,2,2,0.488300665463053,0.321626891023094,1.36598324775696,-1
126,6,True,kernelsearch_CCA_with,2,2,0.483540508796162,0.169178878396063,2.08103656768799,-1
127,6,True,kernelsearch_CCA_with,2,2,0.459049189014351,-0.116423727136877,1.02973771095276,-1
128,6,True,kernelsearch_CCA_with,2,2,0.427728737105413,0.382933765244355,2.87875509262085,-1
129,6,True,kernelsearch_CCA_with,2,2,0.4495430081136,-0.281512596002882,2.36129879951477,-1
130,6,True,combined_CCA,2,2,0.487880365561554,0.228595160788401,0.350311994552612,-1
131,6,True,combined_CCA,2,2,0.40452055374949,0.109403052303861,0.448154926300049,-1
132,6,True,combined_CCA,2,2,0.459049189014351,-0.116423727136877,0.290603399276733,-1
133,6,True,combined_CCA,2,2,0.432936727363986,0.413535247602962,0.398464679718018,-1
134,6,True,combined_CCA,2,2,0.425804228498388,-0.309057177716306,0.442375898361206,-1
135,6,True,greedy_CCA,3,3,0.547611615921492,0.046354066213923,0.147419691085815,-1
136,6,True,greedy_CCA,3,3,0.540798221301157,0.038096642888824,0.167316436767578,-1
137,6,True,greedy_CCA,3,3,0.499374789100499,0.193600045290099,0.171021938323975,-1
138,6,True,greedy_CCA,3,3,0.473522500772874,0.400854600933275,0.146500825881958,-1
139,6,True,greedy_CCA,3,3,0.560732005192766,-0.23699714995096,0.148645162582397,-1
140,6,True,CCA_without,3,3,0.535266423438736,0.114626601635417,1000.13488817215,-1
141,6,True,CCA_without,3,3,0.530081326189571,0.041729772015122,1000.08712387085,-1
142,6,True,CCA_without,3,3,0.542748098210074,-0.100009967096722,1000.08163189888,-1
143,6,True,CCA_without,3,3,0.475384335289306,0.358262497469111,1000.33147621155,-1
144,6,True,CCA_without,3,3,0.523061659411277,-0.087200643060336,1000.11503458023,-1
145,6,True,CCA_with,3,3,0.548105756162307,0.20154250317845,100.438650846481,5
146,6,True,CCA_with,3,3,0.54222293002041,0.054378170511966,100.415386915207,5
147,6,True,CCA_with,3,3,0.548285837609156,-0.095599147820045,100.289283275604,3
148,6,True,CCA_with,3,3,0.523261245684912,0.301904033934761,100.605122566223,7
149,6,True,CCA_with,3,3,0.573454799461037,-0.067516290920138,100.281513214111,3
150,6,True,multistart_CCA,3,3,0.550454359488786,0.073942372120787,76.0098552703857,-1
151,6,True,multistart_CCA,3,3,0.542218533946922,0.054083214659602,74.4808342456818,-1
152,6,True,multistart_CCA,3,3,0.548412834682722,0.124404506926523,52.4689524173737,-1
153,6,True,multistart_CCA,3,3,0.524296449324871,0.252967217428491,76.1388161182404,-1
154,6,True,multistart_CCA,3,3,0.573509531597615,-0.057800244558578,81.7142210006714,-1
155,6,True,benders_CCA_without,3,3,0.538594500362006,0.315563348243735,1017.80890464783,209
156,6,True,benders_CCA_without,3,3,0.502808202469751,0.207458671247153,1026.83186864853,265
157,6,True,benders_CCA_without,3,3,0.467555363007738,0.131339317831647,1018.97263526917,102
158,6,True,benders_CCA_without,3,3,0.463074149169323,0.422057111339951,1000.47698378563,141
159,6,True,benders_CCA_without,3,3,0.43034732337479,-0.312479790713535,1019.60654115677,76
160,6,True,benders_CCA_with,3,3,0.550247641502638,0.077995177710545,1073.73836016655,70
161,6,True,benders_CCA_with,3,3,0.536370570705018,0.06424287494599,1010.48697590828,177
162,6,True,benders_CCA_with,3,3,0.548253022536069,-0.096466467531086,1005.68411254883,235
163,6,True,benders_CCA_with,3,3,0.513721686371086,0.415359413833985,1055.0628619194,102
164,6,True,benders_CCA_with,3,3,0.573483085191326,-0.057725093929399,1019.37257766724,128
165,6,True,kernelsearch_CCA_without,3,3,0.546182653250159,-0.346547105833537,212.815967798233,-1
166,6,True,kernelsearch_CCA_without,3,3,0.507658948996395,0.201907564924158,615.047820091248,-1
167,6,True,kernelsearch_CCA_without,3,3,0.548293842744422,-0.094588243056225,246.671049594879,-1
168,6,True,kernelsearch_CCA_without,3,3,0.524422641529716,0.256334542841939,40.3530271053314,-1
169,6,True,kernelsearch_CCA_without,3,3,0.511101221571664,0.33002266100889,354.22691822052,-1
170,6,True,kernelsearch_CCA_with,3,3,0.546182653250159,-0.346547105833537,210.304310083389,-1
171,6,True,kernelsearch_CCA_with,3,3,0.507651490548704,0.201369606688038,661.930431842804,-1
172,6,True,kernelsearch_CCA_with,3,3,0.548293842744422,-0.094588243056225,246.831284046173,-1
173,6,True,kernelsearch_CCA_with,3,3,0.524422641529716,0.256334542841939,39.7917234897614,-1
174,6,True,kernelsearch_CCA_with,3,3,0.511101221571664,0.33002266100889,355.223768949509,-1
175,6,True,combined_CCA,3,3,0.546394196961007,0.210487237984424,0.589992523193359,-1
176,6,True,combined_CCA,3,3,0.460360887300709,0.112297117191191,0.712836742401123,-1
177,6,True,combined_CCA,3,3,0.54121652219988,-0.111524738516163,0.562462568283081,-1
178,6,True,combined_CCA,3,3,0.506103054809016,0.298606704065149,0.52607274055481,-1
179,6,True,combined_CCA,3,3,0.509522533188697,-0.2645323674657,0.990301847457886,-1
180,7,False,greedy_CCA,2,2,0.55194211431701,0.317428112820291,0.077460050582886,-1
181,7,False,greedy_CCA,2,2,0.365476921642956,0.586011880510135,0.077127695083618,-1
182,7,False,greedy_CCA,2,2,0.487418430112315,0.487175539418003,0.078288078308105,-1
183,7,False,greedy_CCA,2,2,0.462784732789658,0.42848075368348,0.074974060058594,-1
184,7,False,greedy_CCA,2,2,0.557644935316259,0.171870846713325,0.074347019195557,-1
185,7,False,CCA_without,2,2,0.730056644537969,0.504536439444437,1000.0844335556,-1
186,7,False,CCA_without,2,2,0.743288203009445,0.580689944775518,1000.23663163185,-1
187,7,False,CCA_without,2,2,0.704146349334824,0.678494859798485,1000.14795684814,-1
188,7,False,CCA_without,2,2,0.690012292013946,0.706644307160968,1000.0960047245,-1
189,7,False,CCA_without,2,2,0.691818563663172,0.696175959861615,1000.11015939713,-1
190,7,False,CCA_with,2,2,0.73207766886307,0.541994633547365,100.207380533218,3
191,7,False,CCA_with,2,2,0.752951045550272,0.58703896137411,100.35011267662,5
192,7,False,CCA_with,2,2,0.724849866206696,0.650347246849317,100.31933760643,5
193,7,False,CCA_with,2,2,0.690478775578622,0.698821455843165,100.38775396347,5
194,7,False,CCA_with,2,2,0.695956688378552,0.700081335198083,100.238572120667,3
195,7,False,multistart_CCA,2,2,0.732117794930241,0.544506184802663,22.607950925827,-1
196,7,False,multistart_CCA,2,2,0.752975152486654,0.587522400578239,28.330322265625,-1
197,7,False,multistart_CCA,2,2,0.724859569529136,0.650022846714234,28.3754091262817,-1
198,7,False,multistart_CCA,2,2,0.690488807288264,0.697838131970662,19.6364011764526,-1
199,7,False,multistart_CCA,2,2,0.696314267075822,0.67057014792595,28.6859679222107,-1
200,7,False,benders_CCA_without,2,2,0.73208434951543,0.543051901511716,1002.39673876762,1379
201,7,False,benders_CCA_without,2,2,0.752962053049305,0.586785823168515,1095.97946953774,840
202,7,False,benders_CCA_without,2,2,0.724869156831299,0.651102298207992,1068.73392939568,958
203,7,False,benders_CCA_without,2,2,0.690489956645156,0.698536865221794,1001.31372833252,1349
204,7,False,benders_CCA_without,2,2,0.692181787756916,0.713161382912486,1012.03716063499,1045
205,7,False,benders_CCA_with,2,2,0.73208434951543,0.543051901511716,1011.86869573593,1206
206,7,False,benders_CCA_with,2,2,0.752948894613508,0.587087297124757,1000.91247224808,972
207,7,False,benders_CCA_with,2,2,0.724869156831299,0.651102298207992,1011.6129527092,1010
208,7,False,benders_CCA_with,2,2,0.690489956645156,0.698536865221794,1017.59074997902,1199
209,7,False,benders_CCA_with,2,2,0.696321944909139,0.671285220344368,1001.07881212235,806
210,7,False,kernelsearch_CCA_without,2,2,0.731973820736815,0.551120186292516,545.657690048218,-1
211,7,False,kernelsearch_CCA_without,2,2,0.736330031764871,0.063717355470521,348.893260240555,-1
212,7,False,kernelsearch_CCA_without,2,2,0.709179023651401,0.661753791587572,506.789124488831,-1
213,7,False,kernelsearch_CCA_without,2,2,0.681667730097226,0.699744329335976,310.745906591415,-1
214,7,False,kernelsearch_CCA_without,2,2,0.67028322629375,0.433158427881925,495.468232393265,-1
215,7,False,kernelsearch_CCA_with,2,2,0.731973820736815,0.551120186292516,545.039259433746,-1
216,7,False,kernelsearch_CCA_with,2,2,0.736330031764871,0.063717355470521,345.997852563858,-1
217,7,False,kernelsearch_CCA_with,2,2,0.709179023651401,0.661753791587572,503.114259958267,-1
218,7,False,kernelsearch_CCA_with,2,2,0.681667730097226,0.699744329335976,312.871205568314,-1
219,7,False,kernelsearch_CCA_with,2,2,0.67028322629375,0.433158427881925,491.844146251678,-1
220,7,False,combined_CCA,2,2,0.729245696114749,0.587636652547825,16.0368077754974,-1
221,7,False,combined_CCA,2,2,0.74111171170561,0.610131462920678,7.30987930297852,-1
222,7,False,combined_CCA,2,2,0.676318644508138,0.637730576534913,6.39510846138001,-1
223,7,False,combined_CCA,2,2,0.681502263835305,0.659208252961614,6.00902009010315,-1
224,7,False,combined_CCA,2,2,0.695980267127418,0.703195640646905,7.30981063842773,-1
225,7,False,greedy_CCA,3,3,0.603262542348917,0.443346285586387,0.15903902053833,-1
226,7,False,greedy_CCA,3,3,0.466424747884272,0.480756730860822,0.143868923187256,-1
227,7,False,greedy_CCA,3,3,0.36061094724178,0.302606506218549,0.162760496139526,-1
228,7,False,greedy_CCA,3,3,0.597296732610254,0.233872229510559,0.162152051925659,-1
229,7,False,greedy_CCA,3,3,0.561924861395687,0.095662593640982,0.161644697189331,-1
230,7,False,CCA_without,3,3,0.726046159131089,0.447847840487806,1000.24214220047,-1
231,7,False,CCA_without,3,3,0.708701399465935,0.540598746377057,1000.14095044136,-1
232,7,False,CCA_without,3,3,0.675933033005011,0.605534112133981,1000.10706663132,-1
233,7,False,CCA_without,3,3,0.688595142022946,0.745656330205785,1000.25982546806,-1
234,7,False,CCA_without,3,3,0.711548471679193,0.702424374450744,1000.12804913521,-1
235,7,False,CCA_with,3,3,0.749545332822508,0.607218533787826,100.463900089264,5
236,7,False,CCA_with,3,3,0.76761599742428,0.522103250130686,100.446215629578,5
237,7,False,CCA_with,3,3,0.753557273786702,0.66636508851179,100.532433509827,5
238,7,False,CCA_with,3,3,0.757218743466795,0.568952132597635,100.487780570984,5
239,7,False,CCA_with,3,3,0.718092286501387,0.538028064272459,100.239927053452,3
240,7,False,multistart_CCA,3,3,0.749545186204605,0.606945158954785,104.917144298553,-1
241,7,False,multistart_CCA,3,3,0.798434214867866,0.539116039423725,106.309966564178,-1
242,7,False,multistart_CCA,3,3,0.764388748641989,0.664773067253128,106.161009788513,-1
243,7,False,multistart_CCA,3,3,0.757240748602795,0.566254445649447,105.57525396347,-1
244,7,False,multistart_CCA,3,3,0.73079234714701,0.587426029655794,104.494292020798,-1
245,7,False,benders_CCA_without,3,3,0.672598097572541,0.399681649847854,1102.06601548195,10
246,7,False,benders_CCA_without,3,3,0.643909276629075,0.250215999702877,1101.51706838608,10
247,7,False,benders_CCA_without,3,3,0.596512017299903,0.588572469465017,1101.92850160599,10
248,7,False,benders_CCA_without,3,3,0.558899055170787,0.729440091527859,1101.55943751335,10
249,7,False,benders_CCA_without,3,3,0.635151354717535,0.367063316016569,1102.44889116287,10
250,7,False,benders_CCA_with,3,3,0.735109592013872,0.642001213597458,1102.10859036446,9
251,7,False,benders_CCA_with,3,3,0.775330529475928,0.50991681685695,1101.86959147453,9
252,7,False,benders_CCA_with,3,3,0.758619440672931,0.650530913537826,1102.64100623131,9
253,7,False,benders_CCA_with,3,3,0.75712052275528,0.5752191212686,1199.69518494606,10
254,7,False,benders_CCA_with,3,3,0.711548471679193,0.702424374450744,1102.25845718384,9
255,7,False,kernelsearch_CCA_without,3,3,0.727217834265953,0.432859442319968,892.900996685028,-1
256,7,False,kernelsearch_CCA_without,3,3,0.711484464504852,0.160323946849101,891.856762647629,-1
257,7,False,kernelsearch_CCA_without,3,3,0.592691719203478,0.523498102215803,907.68609547615,-1
258,7,False,kernelsearch_CCA_without,3,3,0.632118059101721,0.759251631456512,891.062849283218,-1
259,7,False,kernelsearch_CCA_without,3,3,0.729874637711967,0.582075074812345,897.640459299088,-1
260,7,False,kernelsearch_CCA_with,3,3,0.727229078407107,0.450939957468985,892.7825050354,-1
261,7,False,kernelsearch_CCA_with,3,3,0.711484464504852,0.160323946849101,892.048682451248,-1
262,7,False,kernelsearch_CCA_with,3,3,0.592691719203478,0.523498102215803,908.027516841888,-1
263,7,False,kernelsearch_CCA_with,3,3,0.632118059101721,0.759251631456512,891.04797077179,-1
264,7,False,kernelsearch_CCA_with,3,3,0.729874637711967,0.582075074812345,897.982171058655,-1
265,7,False,combined_CCA,3,3,0.748804879570702,0.5837814388239,3.3912513256073,-1
266,7,False,combined_CCA,3,3,0.783360766086289,0.319338196773817,2.54008984565735,-1
267,7,False,combined_CCA,3,3,0.75048092776766,0.638955285436894,18.2947449684143,-1
268,7,False,combined_CCA,3,3,0.710673869215355,0.714401625165054,1.7962429523468,-1
269,7,False,combined_CCA,3,3,0.728158469936546,0.664874967787476,8.09362769126892,-1
270,7,True,greedy_CCA,2,2,0.526286248524497,0.25082253194214,0.081537008285522,-1
271,7,True,greedy_CCA,2,2,0.512979426353538,0.240567095327627,0.074245691299438,-1
272,7,True,greedy_CCA,2,2,0.475368423357529,0.132372190759384,0.07174277305603,-1
273,7,True,greedy_CCA,2,2,0.484948786114079,0.136510144754005,0.072066307067871,-1
274,7,True,greedy_CCA,2,2,0.558982179869557,0.098373621179819,0.071609735488892,-1
275,7,True,CCA_without,2,2,0.52848291608307,0.264691997505741,5.28524899482727,-1
276,7,True,CCA_without,2,2,0.568473536546509,0.087159568669528,5.65051817893982,-1
277,7,True,CCA_without,2,2,0.482669914965308,0.093322465802695,7.27962636947632,-1
278,7,True,CCA_without,2,2,0.579758493514721,-0.016820191709495,5.86729741096497,-1
279,7,True,CCA_without,2,2,0.559459464759372,0.106184887225802,6.42650198936462,-1
280,7,True,CCA_with,2,2,0.52848464347624,0.26469196892667,4.94880771636963,1
281,7,True,CCA_with,2,2,0.568473536546509,0.087159568669528,5.92822480201721,1
282,7,True,CCA_with,2,2,0.482669914965308,0.093322465802695,7.08192729949951,1
283,7,True,CCA_with,2,2,0.579758493514721,-0.016820191709495,5.91127800941467,1
284,7,True,CCA_with,2,2,0.559459464759372,0.106184887225802,6.23550415039063,1
285,7,True,multistart_CCA,2,2,0.528484029204301,0.265062021237956,3.69300651550293,-1
286,7,True,multistart_CCA,2,2,0.568472199454678,0.087158493284773,3.96628069877625,-1
287,7,True,multistart_CCA,2,2,0.482665531117877,0.0937856507254,3.2794816493988,-1
288,7,True,multistart_CCA,2,2,0.579774405768913,-0.012744908952068,3.01416492462158,-1
289,7,True,multistart_CCA,2,2,0.559455819302812,0.106137094467457,3.66317367553711,-1
290,7,True,benders_CCA_without,2,2,0.519180892016394,0.331110047453997,62.337607383728,386
291,7,True,benders_CCA_without,2,2,0.568472620326644,0.087195609337716,140.902312517166,725
292,7,True,benders_CCA_without,2,2,0.463263237724094,-0.005770400714241,151.07741522789,714
293,7,True,benders_CCA_without,2,2,0.579777329089058,-0.012607747831662,71.3674247264862,429
294,7,True,benders_CCA_without,2,2,0.559368406166474,0.104051903033485,126.877693891525,659
295,7,True,benders_CCA_with,2,2,0.528483287458005,0.264466255312917,62.0769476890564,361
296,7,True,benders_CCA_with,2,2,0.568473536546509,0.087159568669528,157.449691534042,727
297,7,True,benders_CCA_with,2,2,0.482669914965308,0.093322465802695,155.288982868195,703
298,7,True,benders_CCA_with,2,2,0.579777329089058,-0.012607747831662,77.8826048374176,437
299,7,True,benders_CCA_with,2,2,0.559459464759372,0.106184887225802,121.029445886612,656
300,7,True,kernelsearch_CCA_without,2,2,0.516982330531328,-0.030551256566828,0.846145629882813,-1
301,7,True,kernelsearch_CCA_without,2,2,0.534883972905657,-0.116883653608523,1.01773285865784,-1
302,7,True,kernelsearch_CCA_without,2,2,0.428073093177786,0.458513567519538,1.15692138671875,-1
303,7,True,kernelsearch_CCA_without,2,2,0.579764034280129,-0.010401163798418,1.058349609375,-1
304,7,True,kernelsearch_CCA_without,2,2,0.496934354843445,-0.020552008415716,1.61568951606751,-1
305,7,True,kernelsearch_CCA_with,2,2,0.516982330531328,-0.030551256566828,0.839300155639648,-1
306,7,True,kernelsearch_CCA_with,2,2,0.534883972905657,-0.116883653608523,0.978269100189209,-1
307,7,True,kernelsearch_CCA_with,2,2,0.428073093177786,0.458513567519538,1.30126118659973,-1
308,7,True,kernelsearch_CCA_with,2,2,0.579764034280129,-0.010401163798418,1.23508262634277,-1
309,7,True,kernelsearch_CCA_with,2,2,0.496934354843445,-0.020552008415716,1.42276167869568,-1
310,7,True,combined_CCA,2,2,0.516982330531328,-0.030551256566828,0.353971242904663,-1
311,7,True,combined_CCA,2,2,0.535988783633812,0.218546630607604,0.266884326934814,-1
312,7,True,combined_CCA,2,2,0.427976626939488,0.456919633495274,0.343247890472412,-1
313,7,True,combined_CCA,2,2,0.54024050380984,0.067972173439215,0.329527854919434,-1
314,7,True,combined_CCA,2,2,0.477639137262174,-0.116702539220328,0.509845018386841,-1
315,7,True,greedy_CCA,3,3,0.597534864276875,0.374599487252663,0.15992259979248,-1
316,7,True,greedy_CCA,3,3,0.560284417083038,-0.012309332469881,0.141284942626953,-1
317,7,True,greedy_CCA,3,3,0.528762027856975,0.1171163281445,0.160484313964844,-1
318,7,True,greedy_CCA,3,3,0.533863716541366,0.077959580420353,0.159824848175049,-1
319,7,True,greedy_CCA,3,3,0.619995060615385,0.294948443204215,0.158854484558105,-1
320,7,True,CCA_without,3,3,0.637168828276981,-0.020610637956154,1000.22706723213,-1
321,7,True,CCA_without,3,3,0.589547993954698,0.112113763194954,1000.12096309662,-1
322,7,True,CCA_without,3,3,0.504429104170766,-0.053212399020358,1000.09187054634,-1
323,7,True,CCA_without,3,3,0.649305607417931,0.042841139872648,1000.15118527412,-1
324,7,True,CCA_without,3,3,0.59278700199382,0.110990678146648,1000.18566656113,-1
325,7,True,CCA_with,3,3,0.60145724325821,0.395586170432411,100.274431705475,3
326,7,True,CCA_with,3,3,0.584474078183405,-0.242141386091933,100.266884803772,3
327,7,True,CCA_with,3,3,0.518037879747089,0.156633105558453,100.448581695557,5
328,7,True,CCA_with,3,3,0.665472417923947,0.080267322476549,100.250426530838,3
329,7,True,CCA_with,3,3,0.62151953021635,0.306924251237376,100.461557149887,5
330,7,True,multistart_CCA,3,3,0.643150546001293,-0.008114449984054,37.5173237323761,-1
331,7,True,multistart_CCA,3,3,0.627683214470501,0.322422923568824,48.9846477508545,-1
332,7,True,multistart_CCA,3,3,0.518038539855695,0.156534750034667,93.4594860076905,-1
333,7,True,multistart_CCA,3,3,0.675278316214554,-0.077940264725771,25.742956161499,-1
334,7,True,multistart_CCA,3,3,0.621564700303152,0.310083194109282,68.3899302482605,-1
335,7,True,benders_CCA_without,3,3,0.64308882793028,-0.007997292343509,1001.83445620537,886
336,7,True,benders_CCA_without,3,3,0.604101842712139,0.015526904062803,1000.52013993263,296
337,7,True,benders_CCA_without,3,3,0.504920637148758,0.061203250041955,1011.6325879097,354
338,7,True,benders_CCA_without,3,3,0.658514924974469,0.056888376244723,1017.48615765572,460
339,7,True,benders_CCA_without,3,3,0.612822341025874,0.200197502313472,1016.29738593102,424
340,7,True,benders_CCA_with,3,3,0.615870655199205,-0.004805501443618,1001.05279707909,922
341,7,True,benders_CCA_with,3,3,0.59372942924807,0.045389162285771,1013.77599644661,422
342,7,True,benders_CCA_with,3,3,0.508951007533035,0.046562953763183,1007.2899980545,234
343,7,True,benders_CCA_with,3,3,0.674775288331281,-0.079496988989196,1001.86750912666,437
344,7,True,benders_CCA_with,3,3,0.62156373972576,0.309687784865255,1009.18890047073,324
345,7,True,kernelsearch_CCA_without,3,3,0.605640005323183,0.005509131150901,8.1285765171051,-1
346,7,True,kernelsearch_CCA_without,3,3,0.607326931994014,0.380835854970319,91.5280225276947,-1
347,7,True,kernelsearch_CCA_without,3,3,0.518041609822914,0.156382003217359,694.088715314865,-1
348,7,True,kernelsearch_CCA_without,3,3,0.654783707894017,0.090904309859997,204.295885562897,-1
349,7,True,kernelsearch_CCA_without,3,3,0.611421781837232,0.31536222617671,125.696885585785,-1
350,7,True,kernelsearch_CCA_with,3,3,0.605640005323183,0.005509131150901,8.03030204772949,-1
351,7,True,kernelsearch_CCA_with,3,3,0.607326931994014,0.380835854970319,90.9734363555908,-1
352,7,True,kernelsearch_CCA_with,3,3,0.518041609822914,0.156382003217359,698.045387506485,-1
353,7,True,kernelsearch_CCA_with,3,3,0.654783707894017,0.090904309859997,203.64844751358,-1
354,7,True,kernelsearch_CCA_with,3,3,0.611421781837232,0.31536222617671,128.773461341858,-1
355,7,True,combined_CCA,3,3,0.641235300325018,0.000167095164405,0.493704795837402,-1
356,7,True,combined_CCA,3,3,0.604491539661449,0.139985020923127,0.559970378875732,-1
357,7,True,combined_CCA,3,3,0.4792558812539,0.037126444062465,0.574689388275147,-1
358,7,True,combined_CCA,3,3,0.672200377154132,-0.043013732990058,0.610475778579712,-1
359,7,True,combined_CCA,3,3,0.525756150430275,-0.064195601090832,0.540781259536743,-1
360,8,False,greedy_CCA,3,3,0.840332293884092,0.816299864217686,0.300664663314819,-1
361,8,False,greedy_CCA,3,3,0.891468806721563,0.739361593810292,0.300420761108398,-1
362,8,False,greedy_CCA,3,3,0.857807757338619,0.78829038378182,0.343578100204468,-1
363,8,False,greedy_CCA,3,3,0.864068241258985,0.859126474757243,0.304430961608887,-1
364,8,False,greedy_CCA,3,3,0.860471204121412,0.812805307052921,0.302099704742432,-1
365,8,False,CCA_without,3,3,0.870227632265355,0.807270916740901,1000.06470012665,-1
366,8,False,CCA_without,3,3,0.890732380463523,0.692596274114087,1000.04100012779,-1
367,8,False,CCA_without,3,3,0.866448341410266,0.720971184838116,1000.05928754807,-1
368,8,False,CCA_without,3,3,0.862309823322785,0.823920704351268,1000.03243851662,-1
369,8,False,CCA_without,3,3,0.875472893976496,0.729348348121884,1000.07372975349,-1
370,8,False,CCA_with,3,3,0.884742441414674,0.805446718321277,101.821000814438,5
371,8,False,CCA_with,3,3,0.916246097826036,0.752273508574158,101.13067483902,3
372,8,False,CCA_with,3,3,0.892039974557644,0.748046054021104,102.228813886642,7
373,8,False,CCA_with,3,3,0.891105254203314,0.818747870909379,101.102202415466,3
374,8,False,CCA_with,3,3,0.882341462184792,0.704714624560872,101.176960229874,3
375,8,False,multistart_CCA,3,3,0.884742388588025,0.805290353851573,122.963599205017,-1
376,8,False,multistart_CCA,3,3,0.919331973300969,0.668784726499331,122.732824087143,-1
377,8,False,multistart_CCA,3,3,0.892076825156441,0.747890497389316,124.353939771652,-1
378,8,False,multistart_CCA,3,3,0.891575696825881,0.830249328776335,122.044368743896,-1
379,8,False,multistart_CCA,3,3,0.88281668831599,0.73901472180712,126.367866039276,-1
380,8,False,benders_CCA_without,3,3,0.826731392289155,0.7465640229881,1102.45017528534,10
381,8,False,benders_CCA_without,3,3,0.851145951080648,0.686702868413414,1101.52536725998,10
382,8,False,benders_CCA_without,3,3,0.814263552663948,0.779565845878433,1102.39733481407,10
383,8,False,benders_CCA_without,3,3,0.818000619404551,0.805904050647305,1102.80570149422,10
384,8,False,benders_CCA_without,3,3,0.80152785688174,0.816855968347053,1102.67190623283,10
385,8,False,benders_CCA_with,3,3,0.881252351108547,0.815085186237466,1119.96848893166,9
386,8,False,benders_CCA_with,3,3,0.915941752680651,0.750095135204136,1126.68355822563,9
387,8,False,benders_CCA_with,3,3,0.888891993846112,0.791194896425122,1102.76063609123,9
388,8,False,benders_CCA_with,3,3,0.891011480813009,0.829508567446127,1118.48906850815,9
389,8,False,benders_CCA_with,3,3,0.881307296595125,0.702202810119832,1137.86158370972,9
390,8,False,kernelsearch_CCA_without,3,3,0.825346838585159,0.785818769691244,1001.47242450714,-1
391,8,False,kernelsearch_CCA_without,3,3,0.858358543031389,0.675532326303843,1001.38148975372,-1
392,8,False,kernelsearch_CCA_without,3,3,0.858792215460643,0.824418294009447,1000.73349952698,-1
393,8,False,kernelsearch_CCA_without,3,3,0.843153553967227,0.813593891843123,1001.27135825157,-1
394,8,False,kernelsearch_CCA_without,3,3,0.831529104568811,0.84432335105118,1001.72103095055,-1
395,8,False,kernelsearch_CCA_with,3,3,0.825346838585159,0.785818769691244,1001.45040607452,-1
396,8,False,kernelsearch_CCA_with,3,3,0.858358543031389,0.675532326303843,1001.35641431808,-1
397,8,False,kernelsearch_CCA_with,3,3,0.858792215460643,0.824418294009447,1000.79872179031,-1
398,8,False,kernelsearch_CCA_with,3,3,0.843153553967227,0.813593891843123,1001.27916574478,-1
399,8,False,kernelsearch_CCA_with,3,3,0.831529104568811,0.84432335105118,1001.33569025993,-1
400,8,False,combined_CCA,3,3,0.879495229964422,0.797091273353007,112.37060046196,-1
401,8,False,combined_CCA,3,3,0.897086347305007,0.708992289458539,112.320965528488,-1
402,8,False,combined_CCA,3,3,0.868825708582621,0.827507316797753,112.040488481522,-1
403,8,False,combined_CCA,3,3,0.889218690328493,0.826384209931174,112.327445745468,-1
404,8,False,combined_CCA,3,3,0.875781958144905,0.765024424630971,112.146932840347,-1
405,8,False,greedy_CCA,5,5,0.869180539098025,0.799986221769298,0.608394145965576,-1
406,8,False,greedy_CCA,5,5,0.900994067062052,0.749236061996699,0.677237033843994,-1
407,8,False,greedy_CCA,5,5,0.907611992992733,0.839097286468664,0.648221254348755,-1
408,8,False,greedy_CCA,5,5,0.877842690873095,0.859210653017392,0.714203596115112,-1
409,8,False,greedy_CCA,5,5,0.897452015912959,0.809890217213701,0.626350402832031,-1
410,8,False,CCA_without,5,5,0.90807770463689,0.87828536974379,1000.05499649048,-1
411,8,False,CCA_without,5,5,0.936141745883505,0.764834451103404,1000.06463575363,-1
412,8,False,CCA_without,5,5,0.897929367739846,0.807157595134681,1000.02965664864,-1
413,8,False,CCA_without,5,5,0.908601452178449,0.85544695257263,1000.05837035179,-1
414,8,False,CCA_without,5,5,0.870376225416229,0.833233655733901,1000.06835627556,-1
415,8,False,CCA_with,5,5,0.91883619969948,0.856058666566888,104.940850496292,7
416,8,False,CCA_with,5,5,0.945099687815218,0.732136865382691,102.017178297043,3
417,8,False,CCA_with,5,5,0.926814114769709,0.763286635755197,106.049609899521,5
418,8,False,CCA_with,5,5,0.922005815571442,0.861962949129408,107.043307065964,9
419,8,False,CCA_with,5,5,0.913557944511645,0.719793196667941,104.736917257309,6
420,8,False,multistart_CCA,5,5,0.920570174951742,0.883484784638292,199.494074106216,-1
421,8,False,multistart_CCA,5,5,0.945046457648265,0.751014514202863,180.829740524292,-1
422,8,False,multistart_CCA,5,5,0.929696914992812,0.742214464374131,213.010157585144,-1
423,8,False,multistart_CCA,5,5,0.927487254134163,0.842999220933121,177.842986345291,-1
424,8,False,multistart_CCA,5,5,0.938650960296301,0.724244723665428,212.435953855515,-1
425,8,False,benders_CCA_without,5,5,0.824323993389778,0.745154359057017,1101.87011575699,10
426,8,False,benders_CCA_without,5,5,0.846667231039525,0.652226318031452,1101.81825113297,10
427,8,False,benders_CCA_without,5,5,0.811256932781514,0.76486794883527,1101.40753173828,10
428,8,False,benders_CCA_without,5,5,0.819796544285404,0.757569989868605,1101.79818248749,10
429,8,False,benders_CCA_without,5,5,0.782919052437248,0.809533651383328,1101.74075961113,10
430,8,False,benders_CCA_with,5,5,0.911119716806917,0.854336004036878,1102.11239528656,9
431,8,False,benders_CCA_with,5,5,0.937271552057972,0.773947941936042,1104.95913529396,9
432,8,False,benders_CCA_with,5,5,0.919199224113915,0.78100563964722,1131.32057952881,9
433,8,False,benders_CCA_with,5,5,0.919250163180167,0.8415899560772,1125.93830680847,7
434,8,False,benders_CCA_with,5,5,0.915068053127884,0.860694272907701,1141.76707577705,9
435,8,False,kernelsearch_CCA_without,5,5,0.797620296502072,0.669722078822561,902.793915510178,-1
436,8,False,kernelsearch_CCA_without,5,5,0.765624354672223,0.476062351033563,905.89315032959,-1
437,8,False,kernelsearch_CCA_without,5,5,0.850647727816831,0.736030054069161,904.043744802475,-1
438,8,False,kernelsearch_CCA_without,5,5,0.754739515115289,0.767167557865702,903.112546682358,-1
439,8,False,kernelsearch_CCA_without,5,5,0.781029541363035,0.711819066632364,904.983267307282,-1
440,8,False,kernelsearch_CCA_with,5,5,0.797620296502072,0.669722078822561,902.944952249527,-1
441,8,False,kernelsearch_CCA_with,5,5,0.765624354672223,0.476062351033563,906.059261083603,-1
442,8,False,kernelsearch_CCA_with,5,5,0.850647727816831,0.736030054069161,903.845239639282,-1
443,8,False,kernelsearch_CCA_with,5,5,0.754739515115289,0.767167557865702,903.042765140533,-1
444,8,False,kernelsearch_CCA_with,5,5,0.681896842069728,0.221500067391816,905.232965707779,-1
445,8,False,combined_CCA,5,5,0.911202758540714,0.78807677254457,5.45881533622742,-1
446,8,False,combined_CCA,5,5,0.936758765134745,0.793860092295044,4.74738383293152,-1
447,8,False,combined_CCA,5,5,0.919469645368245,0.850310094921348,3.20244526863098,-1
448,8,False,combined_CCA,5,5,0.920271104187204,0.857710762431016,3.61741137504578,-1
449,8,False,combined_CCA,5,5,0.935194364456306,0.740658489683165,4.53555989265442,-1
450,8,True,greedy_CCA,3,3,0.630856673234724,0.169552392333875,0.315207481384277,-1
451,8,True,greedy_CCA,3,3,0.578620978654196,0.104169925453366,0.314289808273315,-1
452,8,True,greedy_CCA,3,3,0.53695519083473,0.287592652511921,0.348955869674683,-1
453,8,True,greedy_CCA,3,3,0.658324609873274,0.068414451296364,0.334180355072021,-1
454,8,True,greedy_CCA,3,3,0.629293185951717,0.105432552332405,0.335583925247192,-1
455,8,True,CCA_without,3,3,0.61666496635107,-0.022467086208067,1000.05874323845,-1
456,8,True,CCA_without,3,3,0.676809822634395,0.319371326807591,1000.04611182213,-1
457,8,True,CCA_without,3,3,0.583376718415775,0.102700038457243,1000.02598190308,-1
458,8,True,CCA_without,3,3,0.684172710723095,0.020362629809718,1000.03678631783,-1
459,8,True,CCA_without,3,3,0.626560350879483,-0.124183343895957,1000.03880190849,-1
460,8,True,CCA_with,3,3,0.548954968461196,0.14877194419645,100.363032341003,1
461,8,True,CCA_with,3,3,0.676863686681275,0.319604775460968,100.888516902924,3
462,8,True,CCA_with,3,3,0.584127594398137,0.098568065683552,100.867672681809,3
463,8,True,CCA_with,3,3,0.661428954562572,-0.102179269307158,100.282164573669,1
464,8,True,CCA_with,3,3,0.484062396433446,-0.22399754600789,100.401533603668,1
465,8,True,multistart_CCA,3,3,0.654004634435282,-0.192641698587291,50.4936735630035,-1
466,8,True,multistart_CCA,3,3,0.690395444261885,0.190452566282458,75.2600803375244,-1
467,8,True,multistart_CCA,3,3,0.584154816189822,0.097958870380718,77.8766179084778,-1
468,8,True,multistart_CCA,3,3,0.684166016861923,0.023375084534776,96.5469636917115,-1
469,8,True,multistart_CCA,3,3,0.630113708351366,0.127093422097142,75.0036270618439,-1
470,8,True,benders_CCA_without,3,3,0.526573763701554,0.195199429600784,1007.80568385124,156
471,8,True,benders_CCA_without,3,3,0.563857901468161,0.127300192801305,1001.30862426758,289
472,8,True,benders_CCA_without,3,3,0.489346253353073,0.124542675437221,1008.83231973648,401
473,8,True,benders_CCA_without,3,3,0.471724080762383,0.147977240061238,1023.81234169006,76
474,8,True,benders_CCA_without,3,3,0.563763514418853,0.046248822138314,1010.73205089569,134
475,8,True,benders_CCA_with,3,3,0.624346516851926,0.022731786698236,1002.45763850212,409
476,8,True,benders_CCA_with,3,3,0.676863422225401,0.319201112147862,1007.18645095825,107
477,8,True,benders_CCA_with,3,3,0.583995202663377,0.094629196554233,1015.09300899506,178
478,8,True,benders_CCA_with,3,3,0.676842129804702,0.134896305223264,1007.81930303574,320
479,8,True,benders_CCA_with,3,3,0.590684073749814,-0.291533477669848,1007.55673766136,242
480,8,True,kernelsearch_CCA_without,3,3,0.562352707150594,0.045454089850089,812.162545204163,-1
481,8,True,kernelsearch_CCA_without,3,3,0.643431527140399,0.111422677313341,950.357469797134,-1
482,8,True,kernelsearch_CCA_without,3,3,0.519070451994261,0.188198283205668,688.841871500015,-1
483,8,True,kernelsearch_CCA_without,3,3,0.657458851531628,0.130392094544392,800.512610435486,-1
484,8,True,kernelsearch_CCA_without,3,3,0.596131610041822,-0.218692061048687,862.041085481644,-1
485,8,True,kernelsearch_CCA_with,3,3,0.562352707150594,0.045454089850089,812.01175904274,-1
486,8,True,kernelsearch_CCA_with,3,3,0.659139568261375,0.209749963022762,950.994876623154,-1
487,8,True,kernelsearch_CCA_with,3,3,0.519556049186246,0.183486414292346,679.024627923965,-1
488,8,True,kernelsearch_CCA_with,3,3,0.657459181874397,0.130818519086237,801.115913391113,-1
489,8,True,kernelsearch_CCA_with,3,3,0.596131610041822,-0.218692061048687,861.17474937439,-1
490,8,True,combined_CCA,3,3,0.621303236247529,0.117485741384437,4.68634867668152,-1
491,8,True,combined_CCA,3,3,0.65275257080532,-0.207334226582585,61.3516621589661,-1
492,8,True,combined_CCA,3,3,0.541619661427136,0.116836685210937,2.23411703109741,-1
493,8,True,combined_CCA,3,3,0.539397219064873,-0.026761576069049,2.41937708854675,-1
494,8,True,combined_CCA,3,3,0.611020684173099,0.290445583000877,2.33452987670898,-1
495,8,True,greedy_CCA,5,5,0.71495683199118,-0.060357625327871,0.66732120513916,-1
496,8,True,greedy_CCA,5,5,0.687653138866198,0.194232426815163,0.615866661071777,-1
497,8,True,greedy_CCA,5,5,0.624563994669926,0.509104780730122,0.607005834579468,-1
498,8,True,greedy_CCA,5,5,0.752492170136121,0.209582256903798,0.64553689956665,-1
499,8,True,greedy_CCA,5,5,0.729329844603639,0.29959529036215,0.654572486877441,-1
500,8,True,CCA_without,5,5,0.622701547722872,0.092430873339279,1000.07169508934,-1
501,8,True,CCA_without,5,5,0.754393110755407,0.032569452040354,1000.04862308502,-1
502,8,True,CCA_without,5,5,0.602854764594627,0.07150776726395,1000.04477477074,-1
503,8,True,CCA_without,5,5,0.702487781585182,-0.090378933129164,1000.05109071732,-1
504,8,True,CCA_without,5,5,0.537426729629024,-0.595868022782866,1000.07385420799,-1
505,8,True,CCA_with,5,5,0.715357070698001,-0.104783349029852,111.492448806763,5
506,8,True,CCA_with,5,5,0.78400154538608,0.006513320471624,103.073871612549,5
507,8,True,CCA_with,5,5,0.680219924280645,0.040898099843938,114.04247713089,5
508,8,True,CCA_with,5,5,0.771337015229897,-0.183847186305883,113.576253652573,5
509,8,True,CCA_with,5,5,0.702700999079077,0.075138229518274,104.955075263977,7
510,8,True,multistart_CCA,5,5,0.744002851866495,-0.025008598416227,253.600137710571,-1
511,8,True,multistart_CCA,5,5,0.771676354570173,0.239182472887651,342.785800457001,-1
512,8,True,multistart_CCA,5,5,0.718382715408328,0.334739048040713,381.02711725235,-1
513,8,True,multistart_CCA,5,5,0.764895851041741,-0.135637701267503,257.160688400268,-1
514,8,True,multistart_CCA,5,5,0.748268176504462,-0.19145595932312,293.998184680939,-1
515,8,True,benders_CCA_without,5,5,0.564202994892066,-0.388925772899493,1101.23516869545,10
516,8,True,benders_CCA_without,5,5,0.556628192058289,0.040347068303767,1101.36945128441,10
517,8,True,benders_CCA_without,5,5,0.573188438590175,-0.252027047902007,1101.38988828659,10
518,8,True,benders_CCA_without,5,5,0.581878151567817,-0.155639973446276,1101.27375555038,10
519,8,True,benders_CCA_without,5,5,0.596187714138525,0.334920722956681,1101.45554065704,10
520,8,True,benders_CCA_with,5,5,0.739569706813164,0.004500169761167,1198.09172844887,7
521,8,True,benders_CCA_with,5,5,0.796287444838215,0.311294513689783,1181.20623612404,9
522,8,True,benders_CCA_with,5,5,0.680456256349045,0.036647634850047,1199.0213162899,7
523,8,True,benders_CCA_with,5,5,0.76741422598852,-0.150034982297455,1155.02160167694,9
524,8,True,benders_CCA_with,5,5,0.682752255725363,0.153583474430633,1190.22077679634,9
525,8,True,kernelsearch_CCA_without,5,5,0.597569583852704,-0.137803439725648,856.087491750717,-1
526,8,True,kernelsearch_CCA_without,5,5,0.660539655422435,0.350835426192985,899.482656955719,-1
527,8,True,kernelsearch_CCA_without,5,5,0.494243880525088,0.328222580911426,853.191604375839,-1
528,8,True,kernelsearch_CCA_without,5,5,0.656622532373175,-0.110995916313378,855.168667078018,-1
529,8,True,kernelsearch_CCA_without,5,5,0.635357602817549,-0.334630382359983,854.135581016541,-1
530,8,True,kernelsearch_CCA_with,5,5,0.597569583852704,-0.137803439725648,855.977023601532,-1
531,8,True,kernelsearch_CCA_with,5,5,0.660539655422435,0.350835426192985,899.468887090683,-1
532,8,True,kernelsearch_CCA_with,5,5,0.494243880525088,0.328222580911426,853.198734521866,-1
533,8,True,kernelsearch_CCA_with,5,5,0.656622532373175,-0.110995916313378,855.194066762924,-1
534,8,True,kernelsearch_CCA_with,5,5,0.635357602817549,-0.334630382359983,853.827946901321,-1
535,8,True,combined_CCA,5,5,0.713323508192075,-0.096730986732353,2.62148141860962,-1
536,8,True,combined_CCA,5,5,0.771476879375391,-0.096034844379427,2.8533570766449,-1
537,8,True,combined_CCA,5,5,0.64943943241741,0.264311810557726,3.18912696838379,-1
538,8,True,combined_CCA,5,5,0.734519622576981,-0.401146160147053,2.55116128921509,-1
539,8,True,combined_CCA,5,5,0.718572134358628,-0.245384609949849,2.54356718063354,-1
540,9,False,greedy_CCA,3,3,0.525692898997375,0.369401110819568,0.364291191101074,-1
541,9,False,greedy_CCA,3,3,0.456838260737366,0.381226295961795,0.338709354400635,-1
542,9,False,greedy_CCA,3,3,0.46615250093957,0.068279439652506,0.294417858123779,-1
543,9,False,greedy_CCA,3,3,0.642226612181589,0.252490515637557,0.339268207550049,-1
544,9,False,greedy_CCA,3,3,0.600109218511815,0.646289865001792,0.340273857116699,-1
545,9,False,CCA_without,3,3,0.860245965757377,0.822504887127749,1000.09189558029,-1
546,9,False,CCA_without,3,3,0.887953061598619,0.737013495221847,1000.08728098869,-1
547,9,False,CCA_without,3,3,0.86130810498537,0.806259147707538,1000.0376355648,-1
548,9,False,CCA_without,3,3,0.8427742305091,0.893296852435837,1000.02781605721,-1
549,9,False,CCA_without,3,3,0.868683289817091,0.778842099018555,1000.02897429466,-1
550,9,False,CCA_with,3,3,0.863029610188323,0.845000559824146,100.943248271942,3
551,9,False,CCA_with,3,3,0.900598498257398,0.748092203448697,102.209250211716,7
552,9,False,CCA_with,3,3,0.873847154064443,0.764736349004724,100.890437602997,3
553,9,False,CCA_with,3,3,0.850070196668892,0.873425295418857,101.761844873428,5
554,9,False,CCA_with,3,3,0.881710728917041,0.781113263226774,101.591126203537,5
555,9,False,multistart_CCA,3,3,0.869863516424736,0.741761331468551,127.29985833168,-1
556,9,False,multistart_CCA,3,3,0.901347198972447,0.742183339230704,121.953560352325,-1
557,9,False,multistart_CCA,3,3,0.874230724123163,0.80762154696292,121.853043317795,-1
558,9,False,multistart_CCA,3,3,0.850525285009505,0.832697622868301,123.738234043121,-1
559,9,False,multistart_CCA,3,3,0.884514833929353,0.801314315002753,120.946602582932,-1
560,9,False,benders_CCA_without,3,3,0.815694141579403,0.659999633892872,1101.84533667564,10
561,9,False,benders_CCA_without,3,3,0.811222615789469,0.666805228404083,1101.42831087112,10
562,9,False,benders_CCA_without,3,3,0.815907317445566,0.562756744850577,1101.69182538986,10
563,9,False,benders_CCA_without,3,3,0.811706136542111,0.890152964123053,1101.58100867271,10
564,9,False,benders_CCA_without,3,3,0.76241313450279,0.752191109947964,1101.81599092484,10
565,9,False,benders_CCA_with,3,3,0.867127702637982,0.738766414127575,1116.06510949135,9
566,9,False,benders_CCA_with,3,3,0.889468308792536,0.742578684997333,1104.06040740013,9
567,9,False,benders_CCA_with,3,3,0.867032347695994,0.757116558713512,1103.91038584709,9
568,9,False,benders_CCA_with,3,3,0.848946449401499,0.87551507149395,1115.39914679527,9
569,9,False,benders_CCA_with,3,3,0.879867955884944,0.768828198704645,1115.56428265572,9
570,9,False,kernelsearch_CCA_without,3,3,0.843555371060643,0.739627873012571,1001.2486269474,-1
571,9,False,kernelsearch_CCA_without,3,3,0.85096055370401,0.641947813969771,1000.95793247223,-1
572,9,False,kernelsearch_CCA_without,3,3,0.843589230939821,0.810625214530251,1001.13948822022,-1
573,9,False,kernelsearch_CCA_without,3,3,0.815798877714899,0.896337293409171,1001.44193840027,-1
574,9,False,kernelsearch_CCA_without,3,3,0.870053344881667,0.761775334679555,1001.17199611664,-1
575,9,False,kernelsearch_CCA_with,3,3,0.843555371060643,0.739627873012571,1001.27701377869,-1
576,9,False,kernelsearch_CCA_with,3,3,0.850960565933839,0.641947818831899,1001.04976248741,-1
577,9,False,kernelsearch_CCA_with,3,3,0.843589230939821,0.810625214530251,1001.15749573708,-1
578,9,False,kernelsearch_CCA_with,3,3,0.815798877714899,0.896337293409171,1001.55120062828,-1
579,9,False,kernelsearch_CCA_with,3,3,0.870053344881667,0.761775334679555,1001.15899300575,-1
580,9,False,combined_CCA,3,3,0.869405345880934,0.74597197573036,112.045076608658,-1
581,9,False,combined_CCA,3,3,0.8706198308528,0.684423237583108,112.411566019058,-1
582,9,False,combined_CCA,3,3,0.865316529475117,0.684457441690219,112.49365067482,-1
583,9,False,combined_CCA,3,3,0.83203227488403,0.873389644297989,112.127564907074,-1
584,9,False,combined_CCA,3,3,0.88000018755317,0.795446413258332,112.298419952393,-1
585,9,False,greedy_CCA,5,5,0.758352008469095,0.614326961253381,0.844168901443481,-1
586,9,False,greedy_CCA,5,5,0.887757402438552,0.75280866496757,0.868919610977173,-1
587,9,False,greedy_CCA,5,5,0.527018178812793,0.052174414664571,0.778414249420166,-1
588,9,False,greedy_CCA,5,5,0.72804206749858,0.35141263494835,0.786356687545776,-1
589,9,False,greedy_CCA,5,5,0.82927086581975,0.6581699237457,0.814067363739014,-1
590,9,False,CCA_without,5,5,0.83918796979677,0.77119983134667,1000.06206202507,-1
591,9,False,CCA_without,5,5,0.883422590529364,0.640584558936679,1000.0999917984,-1
592,9,False,CCA_without,5,5,0.89180796627523,0.700379897467554,1000.06674790382,-1
593,9,False,CCA_without,5,5,0.865024807511876,0.897596548743214,1000.03850984573,-1
594,9,False,CCA_without,5,5,0.894750964102196,0.682931351727383,1000.06942915916,-1
595,9,False,CCA_with,5,5,0.895178280258852,0.639720885990971,106.715268850327,9
596,9,False,CCA_with,5,5,0.927663228230271,0.69146290059479,113.78192782402,19
597,9,False,CCA_with,5,5,0.912347732611005,0.681202070802602,108.798652648926,13
598,9,False,CCA_with,5,5,0.872410370076098,0.801510190004864,102.663023710251,3
599,9,False,CCA_with,5,5,0.906980029561184,0.694152293175083,102.227696418762,3
600,9,False,multistart_CCA,5,5,0.904884989227841,0.732101929999739,249.829382658005,-1
601,9,False,multistart_CCA,5,5,0.927776126070121,0.678582245001352,184.735036373138,-1
602,9,False,multistart_CCA,5,5,0.913733336107038,0.700962929176706,207.561862468719,-1
603,9,False,multistart_CCA,5,5,0.894461232247505,0.85433400944826,245.873722314835,-1
604,9,False,multistart_CCA,5,5,0.919450149993025,0.79333154750496,189.746411800384,-1
605,9,False,benders_CCA_without,5,5,0.839542943666995,0.81585332494534,1101.31582212448,10
606,9,False,benders_CCA_without,5,5,0.801029125910163,0.682888167295942,1101.33797907829,10
607,9,False,benders_CCA_without,5,5,0.814606929209571,0.694433700276077,1101.39007353783,10
608,9,False,benders_CCA_without,5,5,0.828160893408918,0.893665004834996,1101.41926312447,10
609,9,False,benders_CCA_without,5,5,0.861937557255688,0.728661440417309,1101.32156777382,10
610,9,False,benders_CCA_with,5,5,0.902141375601979,0.743266203504816,1157.8530664444,9
611,9,False,benders_CCA_with,5,5,0.918592739799593,0.716573705856896,1141.14122676849,9
612,9,False,benders_CCA_with,5,5,0.905212315168332,0.70001790985448,1150.99037575722,8
613,9,False,benders_CCA_with,5,5,0.888441297497358,0.851282601121829,1123.31892037392,8
614,9,False,benders_CCA_with,5,5,0.915872740671463,0.800840818561823,1161.67113113403,9
615,9,False,kernelsearch_CCA_without,5,5,0.815068622620913,0.712870113864424,904.45737528801,-1
616,9,False,kernelsearch_CCA_without,5,5,0.849229775024874,0.662120906436813,906.722759962082,-1
617,9,False,kernelsearch_CCA_without,5,5,0.817735337725655,0.784979988079384,904.318300008774,-1
618,9,False,kernelsearch_CCA_without,5,5,0.795825340567651,0.837503408746824,904.183373689652,-1
619,9,False,kernelsearch_CCA_without,5,5,0.780133390794326,0.78497895900358,906.679812192917,-1
620,9,False,kernelsearch_CCA_with,5,5,0.815068622620913,0.712870113864424,904.425298690796,-1
621,9,False,kernelsearch_CCA_with,5,5,0.849229775024874,0.662120906436813,906.299629926682,-1
622,9,False,kernelsearch_CCA_with,5,5,0.817735337725655,0.784979988079384,904.162088632584,-1
623,9,False,kernelsearch_CCA_with,5,5,0.795825340567651,0.837503408746824,904.25688624382,-1
624,9,False,kernelsearch_CCA_with,5,5,0.780133390794326,0.78497895900358,906.576133728027,-1
625,9,False,combined_CCA,5,5,0.905792467976378,0.781432827819125,2.56307029724121,-1
626,9,False,combined_CCA,5,5,0.918111327194184,0.672194420710481,4.72487664222717,-1
627,9,False,combined_CCA,5,5,0.912530394883974,0.713244503716853,3.74159097671509,-1
628,9,False,combined_CCA,5,5,0.892131427726728,0.843994338372562,3.44540858268738,-1
629,9,False,combined_CCA,5,5,0.905065248871298,0.600425210630309,2.93113446235657,-1
630,9,True,greedy_CCA,3,3,0.646036489961319,0.337661512590733,0.367564439773559,-1
631,9,True,greedy_CCA,3,3,0.611737305702826,0.248531698005643,0.367942571640015,-1
632,9,True,greedy_CCA,3,3,0.629407756312824,0.057161404021796,0.333887815475464,-1
633,9,True,greedy_CCA,3,3,0.606315153858689,-0.141790164809824,0.383693933486938,-1
634,9,True,greedy_CCA,3,3,0.59954514439978,0.446504733227416,0.383678436279297,-1
635,9,True,CCA_without,3,3,0.651349242315948,0.343796052048233,1000.05662369728,-1
636,9,True,CCA_without,3,3,0.552571227317512,0.100096107216793,1000.06921625137,-1
637,9,True,CCA_without,3,3,0.672813379406759,0.191609288169661,1000.05096697807,-1
638,9,True,CCA_without,3,3,0.640422730450621,-0.098711955946812,1000.05377244949,-1
639,9,True,CCA_without,3,3,0.608237299388082,0.132489913006568,1000.06186795235,-1
640,9,True,CCA_with,3,3,0.724773056972593,-0.1391021552961,101.542592048645,5
641,9,True,CCA_with,3,3,0.648021305283334,0.172616335564835,100.908718109131,3
642,9,True,CCA_with,3,3,0.678714496262861,0.162313896948778,102.764393568039,7
643,9,True,CCA_with,3,3,0.640422528234074,-0.098666517340797,100.513252496719,1
644,9,True,CCA_with,3,3,0.597149031664411,0.062277824067906,100.420255184174,1
645,9,True,multistart_CCA,3,3,0.67209486916953,0.53388704683406,61.5424115657806,-1
646,9,True,multistart_CCA,3,3,0.648115968002364,0.163707342038805,67.0680258274078,-1
647,9,True,multistart_CCA,3,3,0.688135801450956,0.458057655214359,92.918577671051,-1
648,9,True,multistart_CCA,3,3,0.658473789660705,0.048965115354751,71.1213266849518,-1
649,9,True,multistart_CCA,3,3,0.658399595228291,0.200360434718176,84.9538509845734,-1
650,9,True,benders_CCA_without,3,3,0.600238156172961,0.146188527395525,1001.11694860458,688
651,9,True,benders_CCA_without,3,3,0.484226423209419,0.426826408129437,1002.96798014641,543
652,9,True,benders_CCA_without,3,3,0.610588539655224,0.09920782770269,1002.10738611221,540
653,9,True,benders_CCA_without,3,3,0.529400547569622,-0.141250586486087,1010.53179240227,342
654,9,True,benders_CCA_without,3,3,0.580084282268387,0.340665368668006,1000.68476438522,593
655,9,True,benders_CCA_with,3,3,0.721618653133946,-0.111473488911633,1001.36792087555,806
656,9,True,benders_CCA_with,3,3,0.648029800471599,0.166545289753021,1006.64337658882,524
657,9,True,benders_CCA_with,3,3,0.67870678360294,0.161917559178156,1004.45699644089,559
658,9,True,benders_CCA_with,3,3,0.640422528234074,-0.098666517340797,1004.15555930138,97
659,9,True,benders_CCA_with,3,3,0.611827539943894,-0.039643577400231,1013.73022532463,299
660,9,True,kernelsearch_CCA_without,3,3,0.671409518545475,0.046934980940961,187.009113550186,-1
661,9,True,kernelsearch_CCA_without,3,3,0.57401085528468,0.290176228189129,974.251408815384,-1
662,9,True,kernelsearch_CCA_without,3,3,0.580399860626332,0.095082195680808,853.388885259628,-1
663,9,True,kernelsearch_CCA_without,3,3,0.558861742035429,0.286515082101235,1001.32962846756,-1
664,9,True,kernelsearch_CCA_without,3,3,0.571273057563938,0.101539999316888,888.805330753326,-1
665,9,True,kernelsearch_CCA_with,3,3,0.671409518545475,0.046934980940961,186.809304237366,-1
666,9,True,kernelsearch_CCA_with,3,3,0.573365804763574,0.310760252826133,972.112539291382,-1
667,9,True,kernelsearch_CCA_with,3,3,0.580399860626332,0.095082195680808,852.15248465538,-1
668,9,True,kernelsearch_CCA_with,3,3,0.558861742035429,0.286515082101235,1001.31939697266,-1
669,9,True,kernelsearch_CCA_with,3,3,0.571273057563938,0.101539999316888,891.578564167023,-1
670,9,True,combined_CCA,3,3,0.688707215825093,0.004958900810833,3.48795700073242,-1
671,9,True,combined_CCA,3,3,0.655726007071973,0.287375678332232,112.057245969772,-1
672,9,True,combined_CCA,3,3,0.57707343794209,0.385992813466239,10.8173248767853,-1
673,9,True,combined_CCA,3,3,0.606123466893364,0.358288669328457,111.994891405106,-1
674,9,True,combined_CCA,3,3,0.586933505730207,0.153374014794841,2.46270561218262,-1
675,9,True,greedy_CCA,5,5,0.777713082995642,0.317372595047702,0.708881139755249,-1
676,9,True,greedy_CCA,5,5,0.697024971963569,0.060608721156082,0.703503847122192,-1
677,9,True,greedy_CCA,5,5,0.741832867136575,0.237919273010193,0.621330738067627,-1
678,9,True,greedy_CCA,5,5,0.708620006701659,-0.083318783109851,0.702968120574951,-1
679,9,True,greedy_CCA,5,5,0.711914224387696,0.31519166828281,0.69517970085144,-1
680,9,True,CCA_without,5,5,0.738236177301369,0.077685775160227,1000.0318505764,-1
681,9,True,CCA_without,5,5,0.499262316159137,0.022855084955669,1000.08631324768,-1
682,9,True,CCA_without,5,5,0.718112456890599,0.240662908406472,1000.0541806221,-1
683,9,True,CCA_without,5,5,0.649771382193681,0.060782715149897,1000.06216454506,-1
684,9,True,CCA_without,5,5,0.646638525465898,-0.128236721381345,1000.08159089088,-1
685,9,True,CCA_with,5,5,0.755705535175496,0.135174003215574,104.766558408737,7
686,9,True,CCA_with,5,5,0.704725982221115,0.302840251771652,159.738494157791,9
687,9,True,CCA_with,5,5,0.700281004385861,0.257520280576242,100.655810117722,1
688,9,True,CCA_with,5,5,0.641009152120596,0.057199511426328,100.874808073044,1
689,9,True,CCA_with,5,5,0.72782751712116,0.227635687078802,116.662223339081,11
690,9,True,multistart_CCA,5,5,0.825105836419265,0.080865531852176,341.438828468323,-1
691,9,True,multistart_CCA,5,5,0.792291950711637,0.116560547756104,358.08607339859,-1
692,9,True,multistart_CCA,5,5,0.799798755463913,0.461831931004854,227.801378250122,-1
693,9,True,multistart_CCA,5,5,0.784475838646817,0.422108390328102,170.207020521164,-1
694,9,True,multistart_CCA,5,5,0.794805817777773,-0.030494302321759,328.49009513855,-1
695,9,True,benders_CCA_without,5,5,0.512097134596428,0.098711807027157,1101.37590265274,10
696,9,True,benders_CCA_without,5,5,0.548318172737331,0.435898884886124,1101.515863657,10
697,9,True,benders_CCA_without,5,5,0.571232332374519,0.159736222075699,1101.55923652649,10
698,9,True,benders_CCA_without,5,5,0.593629914215927,-0.274827182178276,1101.35694932938,10
699,9,True,benders_CCA_without,5,5,0.600693649288681,0.273093272040836,1101.37621307373,10
700,9,True,benders_CCA_with,5,5,0.813785797192319,-0.00950437529365,1154.29381871223,7
701,9,True,benders_CCA_with,5,5,0.704083823249731,0.317548171015002,1122.310120821,8
702,9,True,benders_CCA_with,5,5,0.797864315752268,0.43926525720409,1133.96089172363,8
703,9,True,benders_CCA_with,5,5,0.640605913610169,0.0466796556172,1143.79077863693,9
704,9,True,benders_CCA_with,5,5,0.722363043270007,0.530674956595032,1127.08088064194,5
705,9,True,kernelsearch_CCA_without,5,5,0.723018974703804,-0.069958911133714,853.980250358582,-1
706,9,True,kernelsearch_CCA_without,5,5,0.556974038804164,0.221744626331092,902.426984786987,-1
707,9,True,kernelsearch_CCA_without,5,5,0.552756836598784,-0.068489793772719,875.292431116104,-1
708,9,True,kernelsearch_CCA_without,5,5,0.582908309417979,0.217535313932421,902.75136756897,-1
709,9,True,kernelsearch_CCA_without,5,5,0.615200193291706,0.162813956113236,854.110404014588,-1
710,9,True,kernelsearch_CCA_with,5,5,0.723018974703804,-0.069958911133714,853.91819524765,-1
711,9,True,kernelsearch_CCA_with,5,5,0.556974038804164,0.221744626331092,902.216466188431,-1
712,9,True,kernelsearch_CCA_with,5,5,0.552756836598784,-0.068489793772719,875.117552757263,-1
713,9,True,kernelsearch_CCA_with,5,5,0.582908309417979,0.217535313932421,902.749173641205,-1
714,9,True,kernelsearch_CCA_with,5,5,0.615200193291706,0.162813956113236,854.401519060135,-1
715,9,True,combined_CCA,5,5,0.806542267455974,0.089572600019575,2.58380818367004,-1
716,9,True,combined_CCA,5,5,0.784474987219989,0.325246313958343,2.73883724212646,-1
717,9,True,combined_CCA,5,5,0.716720934492414,0.266661382798206,2.77914595603943,-1
718,9,True,combined_CCA,5,5,0.719565381652356,0.446931435021922,2.23446846008301,-1
719,9,True,combined_CCA,5,5,0.724642008602756,0.069270747626695,2.32102346420288,-1
720,5,False,greedy_CCA,3,3,0.7331617648023181,0.7351180828944448,32.61119747161865,-1
721,5,False,greedy_CCA,3,3,0.7333778670282431,0.7347385670265535,32.62489366531372,-1
722,5,False,greedy_CCA,3,3,0.7330440631791304,0.7331563997517291,29.850464344024658,-1
723,5,False,greedy_CCA,3,3,0.7339473827112715,0.7325046222102575,24.26251196861267,-1
724,5,False,CCA_without,3,3,-1.0,,0.29657721519470215,-1
725,5,False,CCA_without,3,3,-1.0,,0.27074456214904785,-1
726,5,False,CCA_without,3,3,-1.0,,0.29611825942993164,-1
727,5,False,CCA_without,3,3,-1.0,,0.29082250595092773,-1
728,5,False,CCA_without,3,3,-1.0,,0.27655982971191406,-1
729,5,False,CCA_with,3,3,-0.0,,0.31835055351257324,0
730,5,False,CCA_with,3,3,1.724401791713314,0.6062883338548426,12.490928173065186,13
731,5,False,CCA_with,3,3,-0.0,,0.2814793586730957,0
732,5,False,CCA_with,3,3,-0.0,,0.3093705177307129,0
733,5,False,CCA_with,3,3,2.356591506892401,0.7084625781160616,113.03203535079956,137
734,5,False,multistart_CCA,3,3,2.3177421672258505,0.6366897574450793,225.54169702529907,-1
735,5,False,multistart_CCA,3,3,1.7902412674288306,0.6181430353163849,204.0591595172882,-1
736,5,False,multistart_CCA,3,3,1.9712549635429122,0.6853100260062853,424.6145370006561,-1
737,5,False,multistart_CCA,3,3,1.6384967069767922,0.6435470248072721,21.45910143852234,-1
